{
    "name": "root",
    "gauges": {
        "Strategy.Policy.Entropy.mean": {
            "value": 1.417320966720581,
            "min": 1.417320966720581,
            "max": 1.4189382791519165,
            "count": 2
        },
        "Strategy.Policy.Entropy.sum": {
            "value": 14193.0517578125,
            "min": 14193.0517578125,
            "max": 14439.1162109375,
            "count": 2
        },
        "Strategy.Step.mean": {
            "value": 19997.0,
            "min": 9971.0,
            "max": 19997.0,
            "count": 2
        },
        "Strategy.Step.sum": {
            "value": 19997.0,
            "min": 9971.0,
            "max": 19997.0,
            "count": 2
        },
        "Strategy.Policy.ExtrinsicValueEstimate.mean": {
            "value": -1.145914077758789,
            "min": -1.145914077758789,
            "max": 0.14990662038326263,
            "count": 2
        },
        "Strategy.Policy.ExtrinsicValueEstimate.sum": {
            "value": -187.92990112304688,
            "min": -187.92990112304688,
            "max": 24.28487205505371,
            "count": 2
        },
        "Strategy.Environment.EpisodeLength.mean": {
            "value": 878.0,
            "min": 354.64285714285717,
            "max": 878.0,
            "count": 2
        },
        "Strategy.Environment.EpisodeLength.sum": {
            "value": 12292.0,
            "min": 4965.0,
            "max": 12292.0,
            "count": 2
        },
        "Strategy.Environment.CumulativeReward.mean": {
            "value": -104.33768670834027,
            "min": -104.33768670834027,
            "max": -23.787141706262315,
            "count": 2
        },
        "Strategy.Environment.CumulativeReward.sum": {
            "value": -1356.3899272084236,
            "min": -1356.3899272084236,
            "max": -333.0199838876724,
            "count": 2
        },
        "Strategy.Policy.ExtrinsicReward.mean": {
            "value": -104.33768670834027,
            "min": -104.33768670834027,
            "max": -23.787141706262315,
            "count": 2
        },
        "Strategy.Policy.ExtrinsicReward.sum": {
            "value": -1356.3899272084236,
            "min": -1356.3899272084236,
            "max": -333.0199838876724,
            "count": 2
        },
        "Strategy.IsTraining.mean": {
            "value": 1.0,
            "min": 1.0,
            "max": 1.0,
            "count": 2
        },
        "Strategy.IsTraining.sum": {
            "value": 1.0,
            "min": 1.0,
            "max": 1.0,
            "count": 2
        },
        "Strategy.Losses.PolicyLoss.mean": {
            "value": 0.024481915622406328,
            "min": 0.024481915622406328,
            "max": 0.024481915622406328,
            "count": 1
        },
        "Strategy.Losses.PolicyLoss.sum": {
            "value": 0.024481915622406328,
            "min": 0.024481915622406328,
            "max": 0.024481915622406328,
            "count": 1
        },
        "Strategy.Losses.ValueLoss.mean": {
            "value": 0.5705474476019542,
            "min": 0.5705474476019542,
            "max": 0.5705474476019542,
            "count": 1
        },
        "Strategy.Losses.ValueLoss.sum": {
            "value": 0.5705474476019542,
            "min": 0.5705474476019542,
            "max": 0.5705474476019542,
            "count": 1
        },
        "Strategy.Policy.LearningRate.mean": {
            "value": 0.0029691270010290993,
            "min": 0.0029691270010290993,
            "max": 0.0029691270010290993,
            "count": 1
        },
        "Strategy.Policy.LearningRate.sum": {
            "value": 0.0029691270010290993,
            "min": 0.0029691270010290993,
            "max": 0.0029691270010290993,
            "count": 1
        },
        "Strategy.Policy.Epsilon.mean": {
            "value": 0.1989709,
            "min": 0.1989709,
            "max": 0.1989709,
            "count": 1
        },
        "Strategy.Policy.Epsilon.sum": {
            "value": 0.1989709,
            "min": 0.1989709,
            "max": 0.1989709,
            "count": 1
        },
        "Strategy.Policy.Beta.mean": {
            "value": 0.004948647909999998,
            "min": 0.004948647909999998,
            "max": 0.004948647909999998,
            "count": 1
        },
        "Strategy.Policy.Beta.sum": {
            "value": 0.004948647909999998,
            "min": 0.004948647909999998,
            "max": 0.004948647909999998,
            "count": 1
        }
    },
    "metadata": {
        "timer_format_version": "0.1.0",
        "start_time_seconds": "1668372686",
        "python_version": "3.7.9 (tags/v3.7.9:13c94747c7, Aug 17 2020, 18:58:18) [MSC v.1900 64 bit (AMD64)]",
        "command_line_arguments": "C:\\Projects\\UnityML_TestProject\\venv\\Scripts\\mlagents-learn Assets/config/Strategy_config.yaml --run-id=StrategyObstacles --force",
        "mlagents_version": "0.28.0",
        "mlagents_envs_version": "0.28.0",
        "communication_protocol_version": "1.5.0",
        "pytorch_version": "1.13.0+cu117",
        "numpy_version": "1.21.6",
        "end_time_seconds": "1668372739"
    },
    "total": 53.3511297,
    "count": 1,
    "self": 0.005050500000002955,
    "children": {
        "run_training.setup": {
            "total": 0.07314359999999986,
            "count": 1,
            "self": 0.07314359999999986
        },
        "TrainerController.start_learning": {
            "total": 53.2729356,
            "count": 1,
            "self": 0.07209680000006813,
            "children": {
                "TrainerController._reset_env": {
                    "total": 6.722325800000001,
                    "count": 1,
                    "self": 6.722325800000001
                },
                "TrainerController.advance": {
                    "total": 46.36403799999993,
                    "count": 3513,
                    "self": 0.07951989999995845,
                    "children": {
                        "env_step": {
                            "total": 40.21499729999996,
                            "count": 3513,
                            "self": 30.38643700000008,
                            "children": {
                                "SubprocessEnvManager._take_step": {
                                    "total": 9.784820199999903,
                                    "count": 3513,
                                    "self": 0.23802879999986715,
                                    "children": {
                                        "TorchPolicy.evaluate": {
                                            "total": 9.546791400000036,
                                            "count": 3491,
                                            "self": 5.95772800000009,
                                            "children": {
                                                "TorchPolicy.sample_actions": {
                                                    "total": 3.5890633999999455,
                                                    "count": 3491,
                                                    "self": 3.5890633999999455
                                                }
                                            }
                                        }
                                    }
                                },
                                "workers": {
                                    "total": 0.043740099999977744,
                                    "count": 3512,
                                    "self": 0.0,
                                    "children": {
                                        "worker_root": {
                                            "total": 41.30433789999987,
                                            "count": 3512,
                                            "is_parallel": true,
                                            "self": 20.66697129999983,