{
    "name": "root",
    "gauges": {
        "Strategy.Policy.Entropy.mean": {
            "value": 1.243901014328003,
            "min": 1.243901014328003,
            "max": 1.4189382791519165,
            "count": 41
        },
        "Strategy.Policy.Entropy.sum": {
            "value": 12351.9375,
            "min": 12351.9375,
            "max": 14626.416015625,
            "count": 41
        },
        "Strategy.Step.mean": {
            "value": 409957.0,
            "min": 9990.0,
            "max": 409957.0,
            "count": 41
        },
        "Strategy.Step.sum": {
            "value": 409957.0,
            "min": 9990.0,
            "max": 409957.0,
            "count": 41
        },
        "Strategy.Policy.ExtrinsicValueEstimate.mean": {
            "value": -0.03667766600847244,
            "min": -1.7058475017547607,
            "max": -0.032925691455602646,
            "count": 41
        },
        "Strategy.Policy.ExtrinsicValueEstimate.sum": {
            "value": -6.1251702308654785,
            "min": -276.3472900390625,
            "max": -5.169333457946777,
            "count": 41
        },
        "Strategy.Environment.EpisodeLength.mean": {
            "value": 346.22222222222223,
            "min": 342.7142857142857,
            "max": 1999.0,
            "count": 41
        },
        "Strategy.Environment.EpisodeLength.sum": {
            "value": 9348.0,
            "min": 2884.0,
            "max": 14768.0,
            "count": 41
        },
        "Strategy.Environment.CumulativeReward.mean": {
            "value": -1.0865351616271905,
            "min": -41.152798062562944,
            "max": -1.0865351616271905,
            "count": 41
        },
        "Strategy.Environment.CumulativeReward.sum": {
            "value": -30.422984525561333,
            "min": -321.32898216322064,
            "max": -30.422984525561333,
            "count": 41
        },
        "Strategy.Policy.ExtrinsicReward.mean": {
            "value": -1.0865351616271905,
            "min": -41.152798062562944,
            "max": -1.0865351616271905,
            "count": 41
        },
        "Strategy.Policy.ExtrinsicReward.sum": {
            "value": -30.422984525561333,
            "min": -321.32898216322064,
            "max": -30.422984525561333,
            "count": 41
        },
        "Strategy.IsTraining.mean": {
            "value": 1.0,
            "min": 1.0,
            "max": 1.0,
            "count": 41
        },
        "Strategy.IsTraining.sum": {
            "value": 1.0,
            "min": 1.0,
            "max": 1.0,
            "count": 41
        },
        "Strategy.Losses.PolicyLoss.mean": {
            "value": 0.02649673637157927,
            "min": 0.01373380106233526,
            "max": 0.030850072842865,
            "count": 39
        },
        "Strategy.Losses.PolicyLoss.sum": {
            "value": 0.02649673637157927,
            "min": 0.01373380106233526,
            "max": 0.030850072842865,
            "count": 39
        },
        "Strategy.Losses.ValueLoss.mean": {
            "value": 0.11774656325578689,
            "min": 0.020656393965085347,
            "max": 0.16769237617651622,
            "count": 39
        },
        "Strategy.Losses.ValueLoss.sum": {
            "value": 0.11774656325578689,
            "min": 0.020656393965085347,
            "max": 0.16769237617651622,
            "count": 39
        },
        "Strategy.Policy.LearningRate.mean": {
            "value": 0.0017971230400958991,
            "min": 0.0017971230400958991,
            "max": 0.002969070001031,
            "count": 39
        },
        "Strategy.Policy.LearningRate.sum": {
            "value": 0.0017971230400958991,
            "min": 0.0017971230400958991,
            "max": 0.002969070001031,
            "count": 39
        },
        "Strategy.Policy.Epsilon.mean": {
            "value": 0.15990410000000002,
            "min": 0.15990410000000002,
            "max": 0.198969,
            "count": 39
        },
        "Strategy.Policy.Epsilon.sum": {
            "value": 0.15990410000000002,
            "min": 0.15990410000000002,
            "max": 0.198969,
            "count": 39
        },
        "Strategy.Policy.Beta.mean": {
            "value": 0.0029992145899999986,
            "min": 0.0029992145899999986,
            "max": 0.004948553100000001,
            "count": 39
        },
        "Strategy.Policy.Beta.sum": {
            "value": 0.0029992145899999986,
            "min": 0.0029992145899999986,
            "max": 0.004948553100000001,
            "count": 39
        }
    },
    "metadata": {
        "timer_format_version": "0.1.0",
        "start_time_seconds": "1668378474",
        "python_version": "3.7.9 (tags/v3.7.9:13c94747c7, Aug 17 2020, 18:58:18) [MSC v.1900 64 bit (AMD64)]",
        "command_line_arguments": "C:\\Projects\\UnityML_TestProject\\venv\\Scripts\\mlagents-learn Assets/config/Strategy_config.yaml --run-id=StrategyObstacles --force",
        "mlagents_version": "0.28.0",
        "mlagents_envs_version": "0.28.0",
        "communication_protocol_version": "1.5.0",
        "pytorch_version": "1.13.0+cu117",
        "numpy_version": "1.21.6",
        "end_time_seconds": "1668379251"
    },
    "total": 776.8078573,
    "count": 1,
    "self": 0.008176800000001094,
    "children": {
        "run_training.setup": {
            "total": 0.08785359999999987,
            "count": 1,
            "self": 0.08785359999999987
        },
        "TrainerController.start_learning": {
            "total": 776.7118269,
            "count": 1,
            "self": 1.425864800009549,
            "children": {
                "TrainerController._reset_env": {
                    "total": 6.7845458999999995,
                    "count": 1,
                    "self": 6.7845458999999995
                },
                "TrainerController.advance": {
                    "total": 768.3637502999904,
                    "count": 70196,
                    "self": 1.5374300999941397,
                    "children": {
                        "env_step": {
                            "total": 642.1539566000057,
                            "count": 70196,
                            "self": 463.3855131000112,
                            "children": {
                                "SubprocessEnvManager._take_step": {
                                    "total": 177.86437259999144,
                                    "count": 70196,
                                    "self": 4.774240399982887,
                                    "children": {
                                        "TorchPolicy.evaluate": {
                                            "total": 173.09013220000855,
                                            "count": 69810,
                                            "self": 112.15457560000436,
                                            "children": {
                                                "TorchPolicy.sample_actions": {
                                                    "total": 60.93555660000418,
                                                    "count": 69810,
                                                    "self": 60.93555660000418
                                                }
                                            }
                                        }
                                    }
                                },
                                "workers": {
                                    "total": 0.9040709000030436,
                                    "count": 70195,
                                    "self": 0.0,
                                    "children": {
                                        "worker_root": {
                                            "total": 769.3947377,
                                            "count": 70195,
                                            "is_parallel": true,