{
    "name": "root",
    "metadata": {
        "timer_format_version": "0.1.0",
        "start_time_seconds": "1668190059",
        "python_version": "3.7.9 (tags/v3.7.9:13c94747c7, Aug 17 2020, 18:58:18) [MSC v.1900 64 bit (AMD64)]",
        "command_line_arguments": "C:\\Projects\\UnityML_TestProject\\venv\\Scripts\\mlagents-learn Assets/config/Strategy_config.yaml --run-id=StrategyObstacles --force",
        "mlagents_version": "0.28.0",
        "mlagents_envs_version": "0.28.0",
        "communication_protocol_version": "1.5.0",
        "pytorch_version": "1.13.0+cu117",
        "numpy_version": "1.21.6",
        "end_time_seconds": "1668190160"
    },
    "total": 100.6576417,
    "count": 1,
    "self": 0.006183500000005893,
    "children": {
        "run_training.setup": {
            "total": 0.07898959999999988,
            "count": 1,
            "self": 0.07898959999999988
        },
        "TrainerController.start_learning": {
            "total": 100.5724686,
            "count": 1,
            "self": 0.07892089999999996,
            "children": {
                "TrainerController._reset_env": {
                    "total": 8.1171486,
                    "count": 1,
                    "self": 8.1171486
                },
                "TrainerController.advance": {
                    "total": 92.27839899999998,
                    "count": 4473,
                    "self": 0.0853024999998695,
                    "children": {
                        "env_step": {
                            "total": 91.5994529,
                            "count": 4473,
                            "self": 79.64969490000024,
                            "children": {
                                "SubprocessEnvManager._take_step": {
                                    "total": 11.899898799999995,
                                    "count": 4473,
                                    "self": 0.27029070000011046,
                                    "children": {
                                        "TorchPolicy.evaluate": {
                                            "total": 11.629608099999885,
                                            "count": 4457,
                                            "self": 7.402491099999924,
                                            "children": {
                                                "TorchPolicy.sample_actions": {
                                                    "total": 4.227116999999961,
                                                    "count": 4457,
                                                    "self": 4.227116999999961
                                                }
                                            }
                                        }
                                    }
                                },
                                "workers": {
                                    "total": 0.049859199999771064,
                                    "count": 4472,
                                    "self": 0.0,
                                    "children": {
                                        "worker_root": {
                                            "total": 30.962301600000266,
                                            "count": 4472,
                                            "is_parallel": true,
                                            "self": 17.37015230000019,
                                            "children": {
                                                "steps_from_proto": {
                                                    "total": 0.0004901000000003819,
                                                    "count": 1,
                                                    "is_parallel": true,
                                                    "self": 0.00020990000000065123,
                                                    "children": {
                                                        "_process_rank_one_or_two_observation": {
                                                            "total": 0.00028019999999973066,
                                                            "count": 4,
                                                            "is_parallel": true,
                                                            "self": 0.00028019999999973066
                                                        }
                                                    }
                                                },
                                                "UnityEnvironment.step": {
                                                    "total": 13.591659200000077,
                                                    "count": 4472,
                                                    "is_parallel": true,
                                                    "self": 0.32800240000029923,
                                                    "children": {
                                                        "UnityEnvironment._generate_step_input": {
                                                            "total": 0.28336559999979016,
                                                            "count": 4472,
                                                            "is_parallel": true,
                                                            "self": 0.28336559999979016
                                                        },
                                                        "communicator.exchange": {
                                                            "total": 11.943578100000098,
                                                            "count": 4472,
                                                            "is_parallel": true,
                                                            "self": 11.943578100000098
                                                        },
                                                        "steps_from_proto": {
                                                            "total": 1.03671309999989,
                                                            "count": 4472,
                                                            "is_parallel": true,
                                                            "self": 0.4700059000001069,
                                                            "children": {
                                                                "_process_rank_one_or_two_observation": {
                                                                    "total": 0.566707199999783,
                                                                    "count": 17888,
                                                                    "is_parallel": true,
                                                                    "self": 0.566707199999783
                                                                }
                                                            }
                                                        }
                                                    }
                                                }
                                            }
                                        }
                                    }
                                }
                            }
                        },
                        "trainer_advance": {
                            "total": 0.5936436000001066,
                            "count": 4472,
                            "self": 0.10109239999990471,
                            "children": {
                                "process_trajectory": {
                                    "total": 0.4925512000002019,
                                    "count": 4472,