{
    "name": "root",
    "gauges": {
        "Strategy.Policy.Entropy.mean": {
            "value": 1.418938398361206,
            "min": 1.418938398361206,
            "max": 1.418938398361206,
            "count": 1
        },
        "Strategy.Policy.Entropy.sum": {
            "value": 14711.552734375,
            "min": 14711.552734375,
            "max": 14711.552734375,
            "count": 1
        },
        "Strategy.Step.mean": {
            "value": 9984.0,
            "min": 9984.0,
            "max": 9984.0,
            "count": 1
        },
        "Strategy.Step.sum": {
            "value": 9984.0,
            "min": 9984.0,
            "max": 9984.0,
            "count": 1
        },
        "Strategy.Policy.ExtrinsicValueEstimate.mean": {
            "value": 0.11069886386394501,
            "min": 0.11069886386394501,
            "max": 0.11069886386394501,
            "count": 1
        },
        "Strategy.Policy.ExtrinsicValueEstimate.sum": {
            "value": 102.61784362792969,
            "min": 102.61784362792969,
            "max": 102.61784362792969,
            "count": 1
        },
        "Strategy.Environment.EpisodeLength.mean": {
            "value": 0.46938775510204084,
            "min": 0.46938775510204084,
            "max": 0.46938775510204084,
            "count": 1
        },
        "Strategy.Environment.EpisodeLength.sum": {
            "value": 368.0,
            "min": 368.0,
            "max": 368.0,
            "count": 1
        },
        "Strategy.Environment.CumulativeReward.mean": {
            "value": -1.011734693026056,
            "min": -1.011734693026056,
            "max": -1.011734693026056,
            "count": 1
        },
        "Strategy.Environment.CumulativeReward.sum": {
            "value": -793.199999332428,
            "min": -793.199999332428,
            "max": -793.199999332428,
            "count": 1
        },
        "Strategy.Policy.ExtrinsicReward.mean": {
            "value": -1.011734693026056,
            "min": -1.011734693026056,
            "max": -1.011734693026056,
            "count": 1
        },
        "Strategy.Policy.ExtrinsicReward.sum": {
            "value": -793.199999332428,
            "min": -793.199999332428,
            "max": -793.199999332428,
            "count": 1
        },
        "Strategy.IsTraining.mean": {
            "value": 1.0,
            "min": 1.0,
            "max": 1.0,
            "count": 1
        },
        "Strategy.IsTraining.sum": {
            "value": 1.0,
            "min": 1.0,
            "max": 1.0,
            "count": 1
        }
    },
    "metadata": {
        "timer_format_version": "0.1.0",
        "start_time_seconds": "1668186290",
        "python_version": "3.7.9 (tags/v3.7.9:13c94747c7, Aug 17 2020, 18:58:18) [MSC v.1900 64 bit (AMD64)]",
        "command_line_arguments": "C:\\Projects\\UnityML_TestProject\\venv\\Scripts\\mlagents-learn Assets/config/Strategy_config.yaml --run-id=StrategyObstacles --force",
        "mlagents_version": "0.28.0",
        "mlagents_envs_version": "0.28.0",
        "communication_protocol_version": "1.5.0",
        "pytorch_version": "1.13.0+cu117",
        "numpy_version": "1.21.6",
        "end_time_seconds": "1668186401"
    },
    "total": 111.52319469999999,
    "count": 1,
    "self": 0.005559999999988463,
    "children": {
        "run_training.setup": {
            "total": 0.06849779999999983,
            "count": 1,
            "self": 0.06849779999999983
        },
        "TrainerController.start_learning": {
            "total": 111.4491369,
            "count": 1,
            "self": 0.05942459999985772,
            "children": {
                "TrainerController._reset_env": {
                    "total": 8.3013071,
                    "count": 1,
                    "self": 8.3013071
                },
                "TrainerController.advance": {
                    "total": 102.73220210000014,
                    "count": 2955,
                    "self": 0.05888830000009193,
                    "children": {
                        "env_step": {
                            "total": 83.69111310000005,
                            "count": 2955,
                            "self": 77.61745589999991,
                            "children": {
                                "SubprocessEnvManager._take_step": {
                                    "total": 6.040694900000172,
                                    "count": 2955,
                                    "self": 0.11471280000023043,
                                    "children": {
                                        "TorchPolicy.evaluate": {
                                            "total": 5.925982099999942,
                                            "count": 1661,
                                            "self": 1.6729908999999186,
                                            "children": {
                                                "TorchPolicy.sample_actions": {
                                                    "total": 4.252991200000023,
                                                    "count": 1661,
                                                    "self": 4.252991200000023
                                                }
                                            }
                                        }
                                    }
                                },
                                "workers": {
                                    "total": 0.032962299999965694,
                                    "count": 2954,
                                    "self": 0.0,
                                    "children": {
                                        "worker_root": {
                                            "total": 41.45392990000013,
                                            "count": 2954,
                                            "is_parallel": true,
                                            "self": 29.100372100000065,
                                            "children": {
                                                "steps_from_proto": {
                                                    "total": 0.0012743999999997868,
                                                    "count": 1,
                                                    "is_parallel": true,
                                                    "self": 0.00017419999999823688,
                                                    "children": {
                                                        "_process_rank_one_or_two_observation": {
                                                            "total": 0.00110020000000155,
                                                            "count": 6,
                                                            "is_parallel": true,
                                                            "self": 0.00110020000000155
                                                        }
                                                    }
                                                },
                                                "UnityEnvironment.step": {
                                                    "total": 12.352283400000061,
                                                    "count": 2954,
                                                    "is_parallel": true,
                                                    "self": 0.5455949000000473,
                                                    "children": {
                                                        "UnityEnvironment._generate_step_input": {
                                                            "total": 0.2783247999999663,
                                                            "count": 2954,
                                                            "is_parallel": true,