{
    "name": "root",
    "metadata": {
        "timer_format_version": "0.1.0",
        "start_time_seconds": "1668367021",
        "python_version": "3.7.9 (tags/v3.7.9:13c94747c7, Aug 17 2020, 18:58:18) [MSC v.1900 64 bit (AMD64)]",
        "command_line_arguments": "C:\\Projects\\UnityML_TestProject\\venv\\Scripts\\mlagents-learn Assets/config/Strategy_config.yaml --run-id=StrategyObstacles --force",
        "mlagents_version": "0.28.0",
        "mlagents_envs_version": "0.28.0",
        "communication_protocol_version": "1.5.0",
        "pytorch_version": "1.13.0+cu117",
        "numpy_version": "1.21.6",
        "end_time_seconds": "1668367141"
    },
    "total": 120.68437870000001,
    "count": 1,
    "self": 0.005921900000004143,
    "children": {
        "run_training.setup": {
            "total": 0.07605590000000007,
            "count": 1,
            "self": 0.07605590000000007
        },
        "TrainerController.start_learning": {
            "total": 120.6024009,
            "count": 1,
            "self": 0.13852839999984212,
            "children": {
                "TrainerController._reset_env": {
                    "total": 8.8701188,
                    "count": 1,
                    "self": 8.8701188
                },
                "TrainerController.advance": {
                    "total": 111.47769120000015,
                    "count": 7649,
                    "self": 0.14897900000065079,
                    "children": {
                        "env_step": {
                            "total": 110.32817339999961,
                            "count": 7649,
                            "self": 85.40974179999921,
                            "children": {
                                "SubprocessEnvManager._take_step": {
                                    "total": 24.83237269999992,
                                    "count": 7649,
                                    "self": 0.4694485000002153,
                                    "children": {
                                        "TorchPolicy.evaluate": {
                                            "total": 24.362924199999703,
                                            "count": 7647,
                                            "self": 17.59629470000013,
                                            "children": {
                                                "TorchPolicy.sample_actions": {
                                                    "total": 6.766629499999576,
                                                    "count": 7647,
                                                    "self": 6.766629499999576
                                                }
                                            }
                                        }
                                    }
                                },
                                "workers": {
                                    "total": 0.086058900000479,
                                    "count": 7648,
                                    "self": 0.0,
                                    "children": {
                                        "worker_root": {
                                            "total": 64.89507299999988,
                                            "count": 7648,
                                            "is_parallel": true,
                                            "self": 33.82449429999996,
                                            "children": {
                                                "steps_from_proto": {
                                                    "total": 0.00030869999999971753,
                                                    "count": 1,
                                                    "is_parallel": true,
                                                    "self": 0.00011850000000013239,
                                                    "children": {
                                                        "_process_rank_one_or_two_observation": {
                                                            "total": 0.00019019999999958515,
                                                            "count": 4,
                                                            "is_parallel": true,
                                                            "self": 0.00019019999999958515
                                                        }
                                                    }
                                                },
                                                "UnityEnvironment.step": {
                                                    "total": 31.070269999999923,
                                                    "count": 7648,
                                                    "is_parallel": true,
                                                    "self": 0.5616996000006083,
                                                    "children": {
                                                        "UnityEnvironment._generate_step_input": {
                                                            "total": 0.49080079999971815,
                                                            "count": 7648,
                                                            "is_parallel": true,
                                                            "self": 0.49080079999971815
                                                        },
                                                        "communicator.exchange": {
                                                            "total": 28.229960699999943,
                                                            "count": 7648,
                                                            "is_parallel": true,
                                                            "self": 28.229960699999943
                                                        },
                                                        "steps_from_proto": {
                                                            "total": 1.7878088999996535,
                                                            "count": 7648,
                                                            "is_parallel": true,
                                                            "self": 0.8163870999999912,
                                                            "children": {
                                                                "_process_rank_one_or_two_observation": {
                                                                    "total": 0.9714217999996624,
                                                                    "count": 30592,
                                                                    "is_parallel": true,
                                                                    "self": 0.9714217999996624
                                                                }
                                                            }
                                                        }
                                                    }
                                                }
                                            }
                                        }
                                    }
                                }
                            }
                        },
                        "trainer_advance": {
                            "total": 1.000538799999891,
                            "count": 7648,
                            "self": 0.17378039999960393,
                            "children": {
                                "process_trajectory": {
                                    "total": 0.826758400000287,
                                    "count": 7648,