{
    "name": "root",
    "gauges": {
        "Strategy.Policy.Entropy.mean": {
            "value": 0.02169221267104149,
            "min": 0.02169221267104149,
            "max": 1.4371217489242554,
            "count": 75
        },
        "Strategy.Policy.Entropy.sum": {
            "value": 214.16722106933594,
            "min": 214.16722106933594,
            "max": 14481.68359375,
            "count": 75
        },
        "Strategy.Environment.EpisodeLength.mean": {
            "value": 211.61702127659575,
            "min": 85.13392857142857,
            "max": 580.1764705882352,
            "count": 75
        },
        "Strategy.Environment.EpisodeLength.sum": {
            "value": 9946.0,
            "min": 7142.0,
            "max": 13032.0,
            "count": 75
        },
        "Strategy.Step.mean": {
            "value": 749949.0,
            "min": 9967.0,
            "max": 749949.0,
            "count": 75
        },
        "Strategy.Step.sum": {
            "value": 749949.0,
            "min": 9967.0,
            "max": 749949.0,
            "count": 75
        },
        "Strategy.Policy.ExtrinsicValueEstimate.mean": {
            "value": 8.823988914489746,
            "min": -12.483685493469238,
            "max": 9.186220169067383,
            "count": 75
        },
        "Strategy.Policy.ExtrinsicValueEstimate.sum": {
            "value": 1614.7900390625,
            "min": -2296.998046875,
            "max": 1714.687255859375,
            "count": 75
        },
        "Strategy.Environment.CumulativeReward.mean": {
            "value": 36.80212130032955,
            "min": -196.55220313756556,
            "max": 38.08564550461976,
            "count": 75
        },
        "Strategy.Environment.CumulativeReward.sum": {
            "value": 1729.699701115489,
            "min": -10613.81896942854,
            "max": 1936.8196746706963,
            "count": 75
        },
        "Strategy.Policy.ExtrinsicReward.mean": {
            "value": 36.80212130032955,
            "min": -196.55220313756556,
            "max": 38.08564550461976,
            "count": 75
        },
        "Strategy.Policy.ExtrinsicReward.sum": {
            "value": 1729.699701115489,
            "min": -10613.81896942854,
            "max": 1936.8196746706963,
            "count": 75
        },
        "Strategy.IsTraining.mean": {
            "value": 1.0,
            "min": 1.0,
            "max": 1.0,
            "count": 75
        },
        "Strategy.IsTraining.sum": {
            "value": 1.0,
            "min": 1.0,
            "max": 1.0,
            "count": 75
        },
        "Strategy.Losses.PolicyLoss.mean": {
            "value": 0.019818333738173047,
            "min": 0.017450287317236263,
            "max": 0.032642686103160186,
            "count": 73
        },
        "Strategy.Losses.PolicyLoss.sum": {
            "value": 0.019818333738173047,
            "min": 0.017450287317236263,
            "max": 0.032642686103160186,
            "count": 73
        },
        "Strategy.Losses.ValueLoss.mean": {
            "value": 0.44664758344491323,
            "min": 0.10793111473321915,
            "max": 139.17136967976887,
            "count": 73
        },
        "Strategy.Losses.ValueLoss.sum": {
            "value": 0.44664758344491323,
            "min": 0.10793111473321915,
            "max": 139.17136967976887,
            "count": 73
        },
        "Strategy.Policy.LearningRate.mean": {
            "value": 0.0007501530749948999,
            "min": 0.0007501530749948999,
            "max": 0.002969157001028099,
            "count": 73
        },
        "Strategy.Policy.LearningRate.sum": {
            "value": 0.0007501530749948999,
            "min": 0.0007501530749948999,
            "max": 0.002969157001028099,
            "count": 73
        },
        "Strategy.Policy.Epsilon.mean": {
            "value": 0.12500510000000004,
            "min": 0.12500510000000004,
            "max": 0.19897190000000003,
            "count": 73
        },
        "Strategy.Policy.Epsilon.sum": {
            "value": 0.12500510000000004,
            "min": 0.12500510000000004,
            "max": 0.19897190000000003,
            "count": 73
        },
        "Strategy.Policy.Beta.mean": {
            "value": 0.0012577544899999998,
            "min": 0.0012577544899999998,
            "max": 0.004948697810000002,
            "count": 73
        },
        "Strategy.Policy.Beta.sum": {
            "value": 0.0012577544899999998,
            "min": 0.0012577544899999998,
            "max": 0.004948697810000002,
            "count": 73
        }
    },
    "metadata": {
        "timer_format_version": "0.1.0",
        "start_time_seconds": "1668106340",
        "python_version": "3.7.9 (tags/v3.7.9:13c94747c7, Aug 17 2020, 18:58:18) [MSC v.1900 64 bit (AMD64)]",
        "command_line_arguments": "C:\\Projects\\UnityML_TestProject\\venv\\Scripts\\mlagents-learn Assets/config/Strategy_config.yaml --run-id=StrategyObstacles --force",
        "mlagents_version": "0.28.0",
        "mlagents_envs_version": "0.28.0",
        "communication_protocol_version": "1.5.0",
        "pytorch_version": "1.13.0+cu117",
        "numpy_version": "1.21.6",
        "end_time_seconds": "1668107556"
    },
    "total": 1216.0167041999998,
    "count": 1,
    "self": 0.006973799999968833,
    "children": {
        "run_training.setup": {
            "total": 0.07131439999999989,
            "count": 1,
            "self": 0.07131439999999989
        },
        "TrainerController.start_learning": {
            "total": 1215.938416,
            "count": 1,
            "self": 1.8743367000129183,
            "children": {
                "TrainerController._reset_env": {
                    "total": 12.9972937,
                    "count": 1,
                    "self": 12.9972937
                },
                "TrainerController.advance": {
                    "total": 1200.968712999987,
                    "count": 87306,
                    "self": 2.074354599979415,
                    "children": {
                        "env_step": {
                            "total": 985.0854147999938,
                            "count": 87306,
                            "self": 768.9675087999871,
                            "children": {
                                "SubprocessEnvManager._take_step": {
                                    "total": 214.91592140000122,
                                    "count": 87307,
                                    "self": 6.063758800009197,
                                    "children": {
                                        "TorchPolicy.evaluate": {
                                            "total": 208.85216259999203,
                                            "count": 83896,
                                            "self": 132.5113014000057,
                                            "children": {
                                                "TorchPolicy.sample_actions": {
                                                    "total": 76.34086119998634,
                                                    "count": 83896,
                                                    "self": 76.34086119998634
                                                }
                                            }
                                        }
                                    }
                                },
                                "workers": {
                                    "total": 1.2019846000055168,
                                    "count": 87306,
                                    "self": 0.0,
                                    "children": {
                                        "worker_root": {
                                            "total": 1162.7625937000162,
                                            "count": 87306,