{"count":1,"self":4.9929136,"total":41.963385599999995,"children":{"InitializeActuators":{"count":9,"self":0.0019944999999999997,"total":0.0019944999999999997,"children":null},"InitializeSensors":{"count":9,"self":0.0049876,"total":0.0049876,"children":null},"AgentSendState":{"count":8317,"self":0.5136822,"total":1.0810659999999999,"children":{"CollectObservations":{"count":14976,"self":0.029934699999999998,"total":0.029934699999999998,"children":null},"WriteActionMask":{"count":14976,"self":0.0139934,"total":0.0139934,"children":null},"RequestDecision":{"count":14976,"self":0.038912499999999996,"total":0.5234557,"children":{"AgentInfo.ToProto":{"count":14976,"self":0.0338752,"total":0.48454319999999995,"children":{"GenerateSensorData":{"count":14976,"self":0.42767649999999996,"total":0.45066799999999996,"children":{"RayPerceptionSensor.Perceive":{"count":14976,"self":0.022991499999999998,"total":0.022991499999999998,"children":null}}}}}}}}},"DecideAction":{"count":8317,"self":35.6969152,"total":35.6969146,"children":null},"AgentAct":{"count":8317,"self":0.1305661,"total":0.18451209999999998,"children":{"AgentInfo.ToProto":{"count":2150,"self":0.0100231,"total":0.053946,"children":{"GenerateSensorData":{"count":2150,"self":0.038935,"total":0.0439229,"children":{"RayPerceptionSensor.Perceive":{"count":2150,"self":0.0049879,"total":0.0049879,"children":null}}}}}}}},"gauges":{"Strategy.CumulativeReward":{"count":2150,"max":-2,"min":-42.3996429,"runningAverage":-2.06941724,"value":-2,"weightedAverage":-2.0004282}},"metadata":{"timer_format_version":"0.1.0","start_time_seconds":"1668186296","unity_version":"2021.2.8f1","command_line_arguments":"C:\\Unity Projects\\2021.2.8f1\\Editor\\Unity.exe -projectpath C:\/Projects\/UnityML_TestProject -useHub -hubIPC -cloudEnvironment production -hubSessionId a9313890-600d-11ed-93e4-45877c75432d","communication_protocol_version":"1.5.0","com.unity.ml-agents_version":"2.0.1","scene_name":"HunterGather","end_time_seconds":"1668186338"}}