{"count":1,"self":34004.41856,"total":34744.489075599995,"children":{"InitializeActuators":{"count":4,"self":0.0019941,"total":0.0019941,"children":null},"InitializeSensors":{"count":4,"self":0.0089757999999999991,"total":0.0089757999999999991,"children":null},"AgentSendState":{"count":523284,"self":2.3717471999999997,"total":123.70334509999999,"children":{"GridSensor.Update":{"count":209316,"self":102.7549184,"total":102.7549171,"children":null},"CollectObservations":{"count":209316,"self":0.34957869999999996,"total":0.34957869999999996,"children":null},"WriteActionMask":{"count":209316,"self":0.1725608,"total":0.1725608,"children":null},"RequestDecision":{"count":209316,"self":0.74157679999999992,"total":18.0545412,"children":{"AgentInfo.ToProto":{"count":209316,"self":0.76909109999999992,"total":17.3129644,"children":{"GenerateSensorData":{"count":209316,"self":3.2823032,"total":16.543873299999998,"children":{"GridSensor.GetCompressedObservation":{"count":209316,"self":13.2615696,"total":13.261569999999999,"children":null}}}}}}}}},"DecideAction":{"count":523284,"self":609.4030336,"total":609.4030537,"children":null},"AgentAct":{"count":523284,"self":6.9401584,"total":6.9540850999999995,"children":{"AgentInfo.ToProto":{"count":104,"self":0,"total":0.0139267,"children":{"GenerateSensorData":{"count":104,"self":0.003954,"total":0.0139267,"children":{"GridSensor.GetCompressedObservation":{"count":104,"self":0.0099727,"total":0.0099727,"children":null}}}}}}}},"gauges":{"Strategy.CumulativeReward":{"count":104,"max":1.5,"min":-2.84999967,"runningAverage":-1.91266036,"value":-2.10000014,"weightedAverage":-1.86848593}},"metadata":{"timer_format_version":"0.1.0","start_time_seconds":"1669760239","unity_version":"2021.2.8f1","command_line_arguments":"C:\\Unity Projects\\2021.2.8f1\\Editor\\Unity.exe -projectpath C:\/Projects\/UnityML_TestProject -useHub -hubIPC -cloudEnvironment production -hubSessionId 07606890-6b5e-11ed-89b7-bf4ce9bd5c6b","communication_protocol_version":"1.5.0","com.unity.ml-agents_version":"2.0.1","scene_name":"SimpleStrategy2","end_time_seconds":"1669794984"}}