{"count":1,"self":268.7556096,"total":818.2959569,"children":{"InitializeActuators":{"count":4,"self":0.0019947999999999997,"total":0.0019947999999999997,"children":null},"InitializeSensors":{"count":4,"self":0.0019944999999999997,"total":0.0019944999999999997,"children":null},"AgentSendState":{"count":388601,"self":14.7521664,"total":19.843166999999998,"children":{"CollectObservations":{"count":310884,"self":0.2762098,"total":0.2762098,"children":null},"WriteActionMask":{"count":310884,"self":0.23699019999999998,"total":0.23699019999999998,"children":null},"RequestDecision":{"count":310884,"self":0.9746594999999999,"total":4.5778001999999995,"children":{"AgentInfo.ToProto":{"count":310884,"self":0.923202,"total":3.6031407,"children":{"GenerateSensorData":{"count":310884,"self":2.1538336,"total":2.6799386999999997,"children":{"RayPerceptionSensor.Perceive":{"count":310884,"self":0.52610499999999993,"total":0.52610499999999993,"children":null}}}}}}}}},"DecideAction":{"count":388601,"self":526.61196799999993,"total":526.6119735,"children":null},"AgentAct":{"count":388601,"self":3.0792181999999997,"total":3.0802153,"children":{"AgentInfo.ToProto":{"count":16,"self":0,"total":0.0009971,"children":{"GenerateSensorData":{"count":16,"self":0,"total":0.0009971,"children":{"RayPerceptionSensor.Perceive":{"count":16,"self":0.0009971,"total":0.0009971,"children":null}}}}}}}},"gauges":{"Strategy.CumulativeReward":{"count":16,"max":-261.489349,"min":-557.3048,"runningAverage":-444.8916,"value":-533.317749,"weightedAverage":-442.857056}},"metadata":{"timer_format_version":"0.1.0","start_time_seconds":"1669413308","unity_version":"2021.2.8f1","command_line_arguments":"C:\\Unity Projects\\2021.2.8f1\\Editor\\Unity.exe -projectpath C:\/Projects\/UnityML_TestProject -useHub -hubIPC -cloudEnvironment production -hubSessionId 07606890-6b5e-11ed-89b7-bf4ce9bd5c6b","communication_protocol_version":"1.5.0","com.unity.ml-agents_version":"2.0.1","scene_name":"SimpleStrategy2","end_time_seconds":"1669414127"}}