{"count":1,"self":1795.7935103999998,"total":1807.8923593,"children":{"InitializeActuators":{"count":1,"self":0.00099779999999999986,"total":0.00099779999999999986,"children":null},"InitializeSensors":{"count":1,"self":0.0080115999999999989,"total":0.0080115999999999989,"children":null},"AgentSendState":{"count":21749,"self":8.8785575999999988,"total":11.8864252,"children":{"GridSensor.Update":{"count":21749,"self":0.9571155,"total":0.9571155,"children":null},"CollectObservations":{"count":21749,"self":0.07379709999999999,"total":0.07379709999999999,"children":null},"WriteActionMask":{"count":21749,"self":0.0418722,"total":0.0418722,"children":null},"RequestDecision":{"count":21749,"self":1.5515392,"total":1.9350824999999998,"children":{"GridSensor.GetCompressedObservation":{"count":21749,"self":0.3835433,"total":0.3835433,"children":null}}}}},"DecideAction":{"count":21749,"self":0.12472029999999999,"total":0.12472029999999999,"children":null},"AgentAct":{"count":21749,"self":0.078758899999999993,"total":0.078758899999999993,"children":null}},"gauges":{},"metadata":{"timer_format_version":"0.1.0","start_time_seconds":"1670011974","unity_version":"2021.2.8f1","command_line_arguments":"C:\\Unity Projects\\2021.2.8f1\\Editor\\Unity.exe -projectpath C:\/Projects\/UnityML_TestProject -useHub -hubIPC -cloudEnvironment production -hubSessionId 860abc70-71a0-11ed-9c33-bb5aa35223ae","communication_protocol_version":"1.5.0","com.unity.ml-agents_version":"2.0.1","scene_name":"SimpleStrategy2","end_time_seconds":"1670013782"}}