{"count":1,"self":428.34780159999997,"total":1043.7470543,"children":{"InitializeActuators":{"count":4,"self":0.00099739999999999985,"total":0.00099739999999999985,"children":null},"InitializeSensors":{"count":4,"self":0.0059828,"total":0.0059828,"children":null},"AgentSendState":{"count":461717,"self":1.933616,"total":100.69207039999999,"children":{"GridSensor.Update":{"count":184688,"self":85.9845376,"total":85.984540799999991,"children":null},"CollectObservations":{"count":184688,"self":0.1502531,"total":0.1502531,"children":null},"WriteActionMask":{"count":184688,"self":0.16459359999999998,"total":0.16459359999999998,"children":null},"RequestDecision":{"count":184688,"self":0.65130769999999993,"total":12.459067,"children":{"AgentInfo.ToProto":{"count":184688,"self":0.6655118,"total":11.807759299999999,"children":{"GenerateSensorData":{"count":184688,"self":1.9292159999999998,"total":11.1422475,"children":{"GridSensor.GetCompressedObservation":{"count":184688,"self":9.213032,"total":9.213031599999999,"children":null}}}}}}}}},"DecideAction":{"count":461717,"self":508.7919616,"total":508.7919459,"children":null},"AgentAct":{"count":461717,"self":5.9052755999999995,"total":5.9072708,"children":{"AgentInfo.ToProto":{"count":19,"self":0,"total":0.0019952,"children":{"GenerateSensorData":{"count":19,"self":0,"total":0.0019952,"children":{"GridSensor.GetCompressedObservation":{"count":19,"self":0.0019952,"total":0.0019952,"children":null}}}}}}}},"gauges":{"Strategy.CumulativeReward":{"count":19,"max":-4.03333139,"min":-33.1667328,"runningAverage":-15.7903757,"value":-4.03333139,"weightedAverage":-10.9624071}},"metadata":{"timer_format_version":"0.1.0","start_time_seconds":"1669830897","unity_version":"2021.2.8f1","command_line_arguments":"C:\\Unity Projects\\2021.2.8f1\\Editor\\Unity.exe -projectpath C:\/Projects\/UnityML_TestProject -useHub -hubIPC -cloudEnvironment production -hubSessionId 3e4ea5c0-70d5-11ed-8cac-8b7a48c2dd89","communication_protocol_version":"1.5.0","com.unity.ml-agents_version":"2.0.1","scene_name":"SimpleStrategy2","end_time_seconds":"1669831941"}}