{"count":1,"self":368.9488384,"total":1405.3344290999999,"children":{"InitializeActuators":{"count":9,"self":0.0019947,"total":0.0019947,"children":null},"InitializeSensors":{"count":9,"self":0.0019428,"total":0.0019428,"children":null},"AgentSendState":{"count":563217,"self":36.0831776,"total":49.88265,"children":{"CollectObservations":{"count":1013796,"self":0.8200719,"total":0.8200719,"children":null},"WriteActionMask":{"count":1013796,"self":0.767721,"total":0.767721,"children":null},"RequestDecision":{"count":1013796,"self":2.6897538,"total":12.211680399999999,"children":{"AgentInfo.ToProto":{"count":1013796,"self":2.6241064,"total":9.5219265999999987,"children":{"GenerateSensorData":{"count":1013796,"self":5.4938335999999994,"total":6.8978202999999993,"children":{"RayPerceptionSensor.Perceive":{"count":1013796,"self":1.4039867,"total":1.4039867,"children":null}}}}}}}}},"DecideAction":{"count":563217,"self":968.0166912,"total":968.01671879999992,"children":null},"AgentAct":{"count":563217,"self":18.204633599999998,"total":18.4802942,"children":{"AgentInfo.ToProto":{"count":14631,"self":0.08316069999999999,"total":0.27566019999999997,"children":{"GenerateSensorData":{"count":14631,"self":0.1565966,"total":0.1924995,"children":{"RayPerceptionSensor.Perceive":{"count":14631,"self":0.0359029,"total":0.0359029,"children":null}}}}}}}},"gauges":{"Strategy.CumulativeReward":{"count":14631,"max":0.835000038,"min":-50.0014763,"runningAverage":-1.74957752,"value":-1.17499816,"weightedAverage":-1.4835366}},"metadata":{"timer_format_version":"0.1.0","start_time_seconds":"1669326231","unity_version":"2021.2.8f1","command_line_arguments":"C:\\Unity Projects\\2021.2.8f1\\Editor\\Unity.exe -projectpath C:\/Projects\/UnityML_TestProject -useHub -hubIPC -cloudEnvironment production -hubSessionId 07606890-6b5e-11ed-89b7-bf4ce9bd5c6b","communication_protocol_version":"1.5.0","com.unity.ml-agents_version":"2.0.1","scene_name":"SimpleStrategy2","end_time_seconds":"1669327637"}}