{"count":1,"self":41.3229952,"total":316.05423079999997,"children":{"InitializeActuators":{"count":6,"self":0.002992,"total":0.002992,"children":null},"InitializeSensors":{"count":6,"self":0.0059841999999999994,"total":0.0059841999999999994,"children":null},"AgentSendState":{"count":75484,"self":0.6334383,"total":111.58023809999999,"children":{"CollectObservations":{"count":90582,"self":0.20148069999999998,"total":0.20148069999999998,"children":null},"WriteActionMask":{"count":90582,"self":0.100795,"total":0.100795,"children":null},"RequestDecision":{"count":90582,"self":0.4264612,"total":110.6445241,"children":{"AgentInfo.ToProto":{"count":90582,"self":0.4218475,"total":110.21806289999999,"children":{"GenerateSensorData":{"count":90582,"self":1.5170271,"total":109.7962154,"children":{"CameraSensor.GetCompressedObservation":{"count":90582,"self":108.2791936,"total":108.2791883,"children":null}}}}}}}}},"DecideAction":{"count":75484,"self":159.7447168,"total":159.7447109,"children":null},"AgentAct":{"count":75484,"self":0.92871229999999994,"total":3.3963132,"children":{"AgentInfo.ToProto":{"count":1362,"self":0.0059847999999999993,"total":2.4676009,"children":{"GenerateSensorData":{"count":1362,"self":0.0428975,"total":2.4616161,"children":{"CameraSensor.GetCompressedObservation":{"count":1362,"self":2.4187186,"total":2.4187186,"children":null}}}}}}}},"gauges":{"Strategy.CumulativeReward":{"count":1362,"max":-1.55499959,"min":-50.3263359,"runningAverage":-2.62567067,"value":-1.72999942,"weightedAverage":-1.69885325}},"metadata":{"timer_format_version":"0.1.0","start_time_seconds":"1668722076","unity_version":"2021.2.8f1","command_line_arguments":"C:\\Unity Projects\\2021.2.8f1\\Editor\\Unity.exe -projectpath C:\/Projects\/UnityML_TestProject -useHub -hubIPC -cloudEnvironment production -hubSessionId 0e297c80-65d6-11ed-92d5-2de57c518879","communication_protocol_version":"1.5.0","com.unity.ml-agents_version":"2.0.1","scene_name":"SimpleStrategy2","end_time_seconds":"1668722392"}}