{"count":1,"self":21.1786384,"total":84.3083042,"children":{"InitializeActuators":{"count":1,"self":0.0019944,"total":0.0019944,"children":null},"InitializeSensors":{"count":1,"self":0.0049867999999999996,"total":0.0049867999999999996,"children":null},"AgentInfo.ToProto":{"count":1,"self":0.0009971,"total":0.0039884,"children":{"GenerateSensorData":{"count":1,"self":0.0029912999999999997,"total":0.0029912999999999997,"children":null}}},"AgentSendState":{"count":23051,"self":3.5174551999999997,"total":4.3154821,"children":{"CollectObservations":{"count":9023,"self":0.014945499999999999,"total":0.014945499999999999,"children":null},"WriteActionMask":{"count":9023,"self":0.0149629,"total":0.0149629,"children":null},"RequestDecision":{"count":9023,"self":0.0377852,"total":0.7681186,"children":{"AgentInfo.ToProto":{"count":9023,"self":0.0390898,"total":0.7303334,"children":{"GenerateSensorData":{"count":9023,"self":0.6912436,"total":0.6912436,"children":null}}}}}}},"DecideAction":{"count":23051,"self":58.7055936,"total":58.705591399999996,"children":null},"AgentAct":{"count":23051,"self":0.072720399999999991,"total":0.096626099999999993,"children":{"AgentInfo.ToProto":{"count":345,"self":0.0009985,"total":0.0239057,"children":{"GenerateSensorData":{"count":345,"self":0.0229072,"total":0.0229072,"children":null}}}}}},"gauges":{"Strategy.CumulativeReward":{"count":346,"max":54.5,"min":-4,"runningAverage":10.9667625,"value":0,"weightedAverage":6.061542}},"metadata":{"timer_format_version":"0.1.0","start_time_seconds":"1670534929","unity_version":"2021.2.8f1","command_line_arguments":"C:\\Unity Projects\\2021.2.8f1\\Editor\\Unity.exe -projectpath C:\/Projects\/UnityML_TestProject -useHub -hubIPC -cloudEnvironment production -hubSessionId 860abc70-71a0-11ed-9c33-bb5aa35223ae","communication_protocol_version":"1.5.0","com.unity.ml-agents_version":"2.0.1","scene_name":"SimpleStrategy2","end_time_seconds":"1670535013"}}