{"count":1,"self":410.3560192,"total":1302.9833635999998,"children":{"InitializeActuators":{"count":4,"self":0.0019947999999999997,"total":0.0019947999999999997,"children":null},"InitializeSensors":{"count":4,"self":0.0069492999999999994,"total":0.0069492999999999994,"children":null},"AgentSendState":{"count":607317,"self":2.538151,"total":134.1400276,"children":{"GridSensor.Update":{"count":242928,"self":114.3522048,"total":114.35220489999999,"children":null},"CollectObservations":{"count":242928,"self":0.3802257,"total":0.3802257,"children":null},"WriteActionMask":{"count":242928,"self":0.2225391,"total":0.2225391,"children":null},"RequestDecision":{"count":242928,"self":0.8847493,"total":16.646906899999998,"children":{"AgentInfo.ToProto":{"count":242928,"self":0.8045224,"total":15.7621576,"children":{"GenerateSensorData":{"count":242928,"self":3.4213975999999997,"total":14.957635199999999,"children":{"GridSensor.GetCompressedObservation":{"count":242928,"self":11.5362376,"total":11.5362377,"children":null}}}}}}}}},"DecideAction":{"count":607317,"self":751.8831616,"total":751.8831825,"children":null},"AgentAct":{"count":607317,"self":6.5054751999999993,"total":6.5941975,"children":{"AgentInfo.ToProto":{"count":846,"self":0.005984,"total":0.0887221,"children":{"GenerateSensorData":{"count":846,"self":0.018951,"total":0.0827381,"children":{"GridSensor.GetCompressedObservation":{"count":846,"self":0.0637871,"total":0.0637871,"children":null}}}}}}}},"gauges":{"Strategy.CumulativeReward":{"count":846,"max":-0.233331621,"min":-68.56915,"runningAverage":-24.0055,"value":-14.1553173,"weightedAverage":-18.8946037}},"metadata":{"timer_format_version":"0.1.0","start_time_seconds":"1669834873","unity_version":"2021.2.8f1","command_line_arguments":"C:\\Unity Projects\\2021.2.8f1\\Editor\\Unity.exe -projectpath C:\/Projects\/UnityML_TestProject -useHub -hubIPC -cloudEnvironment production -hubSessionId 3e4ea5c0-70d5-11ed-8cac-8b7a48c2dd89","communication_protocol_version":"1.5.0","com.unity.ml-agents_version":"2.0.1","scene_name":"SimpleStrategy2","end_time_seconds":"1669836176"}}