{"count":1,"self":121.1750656,"total":932.27222829999994,"children":{"InitializeActuators":{"count":9,"self":0.0009973,"total":0.0009973,"children":null},"InitializeSensors":{"count":9,"self":0.0039892,"total":0.0039892,"children":null},"AgentSendState":{"count":165884,"self":1.7480132,"total":318.3073305,"children":{"CollectObservations":{"count":298593,"self":0.6010603,"total":0.6010603,"children":null},"WriteActionMask":{"count":298593,"self":0.343109,"total":0.343109,"children":null},"RequestDecision":{"count":298593,"self":1.3452377,"total":315.6151479,"children":{"AgentInfo.ToProto":{"count":298593,"self":1.25734,"total":314.26991019999997,"children":{"GenerateSensorData":{"count":298593,"self":4.645944,"total":313.01257019999997,"children":{"CameraSensor.GetCompressedObservation":{"count":298593,"self":308.3666176,"total":308.3666264,"children":null}}}}}}}}},"DecideAction":{"count":165884,"self":473.67895039999996,"total":473.6789374,"children":null},"AgentAct":{"count":165884,"self":3.5635236,"total":18.6593242,"children":{"AgentInfo.ToProto":{"count":7793,"self":0.042882899999999995,"total":15.0958005,"children":{"GenerateSensorData":{"count":7793,"self":0.1496176,"total":15.052917599999999,"children":{"CameraSensor.GetCompressedObservation":{"count":7793,"self":14.9032992,"total":14.9033,"children":null}}}}}}},"AgentInfo.ToProto":{"count":237,"self":0.00099779999999999986,"total":0.4455901,"children":{"GenerateSensorData":{"count":237,"self":0.0069837,"total":0.4445923,"children":{"CameraSensor.GetCompressedObservation":{"count":237,"self":0.43760859999999996,"total":0.43760859999999996,"children":null}}}}}},"gauges":{"Strategy.CumulativeReward":{"count":8030,"max":0.0200007651,"min":-9.155139,"runningAverage":-1.85461009,"value":-1.30999982,"weightedAverage":-1.31}},"metadata":{"timer_format_version":"0.1.0","start_time_seconds":"1669238797","unity_version":"2021.2.8f1","command_line_arguments":"C:\\Unity Projects\\2021.2.8f1\\Editor\\Unity.exe -projectpath C:\/Projects\/UnityML_TestProject -useHub -hubIPC -cloudEnvironment production -hubSessionId 07606890-6b5e-11ed-89b7-bf4ce9bd5c6b","communication_protocol_version":"1.5.0","com.unity.ml-agents_version":"2.0.1","scene_name":"SimpleStrategy2","end_time_seconds":"1669239729"}}