{"count":1,"self":103.8332032,"total":1267.5779209,"children":{"InitializeActuators":{"count":6,"self":0.0030026,"total":0.0030026,"children":null},"InitializeSensors":{"count":6,"self":0.0039911999999999994,"total":0.0039911999999999994,"children":null},"AgentSendState":{"count":228351,"self":2.059638,"total":407.2632655,"children":{"CollectObservations":{"count":274026,"self":0.2577658,"total":0.2577658,"children":null},"WriteActionMask":{"count":274026,"self":0.3211969,"total":0.3211969,"children":null},"RequestDecision":{"count":274026,"self":1.4371832999999998,"total":404.6246647,"children":{"AgentInfo.ToProto":{"count":274026,"self":1.4826187,"total":403.18748139999997,"children":{"GenerateSensorData":{"count":274026,"self":4.3774232,"total":401.7048627,"children":{"CameraSensor.GetCompressedObservation":{"count":274026,"self":397.3274368,"total":397.3274393,"children":null}}}}}}}}},"DecideAction":{"count":228351,"self":669.7147904,"total":669.7147801,"children":null},"AgentAct":{"count":228351,"self":5.6079408,"total":86.7526946,"children":{"AgentInfo.ToProto":{"count":42267,"self":0.26337469999999996,"total":81.1447539,"children":{"GenerateSensorData":{"count":42267,"self":0.7032695,"total":80.8813792,"children":{"CameraSensor.GetCompressedObservation":{"count":42267,"self":80.178112,"total":80.1781097,"children":null}}}}}}}},"gauges":{"Strategy.CumulativeReward":{"count":42267,"max":1.75000012,"min":-1.75000012,"runningAverage":-0.9551424,"value":-1.75000012,"weightedAverage":-0.459241837}},"metadata":{"timer_format_version":"0.1.0","start_time_seconds":"1669048969","unity_version":"2021.2.8f1","command_line_arguments":"C:\\Unity Projects\\2021.2.8f1\\Editor\\Unity.exe -projectpath C:\/Projects\/UnityML_TestProject -useHub -hubIPC -cloudEnvironment production -hubSessionId 0e297c80-65d6-11ed-92d5-2de57c518879","communication_protocol_version":"1.5.0","com.unity.ml-agents_version":"2.0.1","scene_name":"SimpleStrategy2","end_time_seconds":"1669050236"}}