{"count":1,"self":55.1470656,"total":55.8815311,"children":{"InitializeActuators":{"count":1,"self":0.0019947999999999997,"total":0.0019947999999999997,"children":null},"InitializeSensors":{"count":1,"self":0.0069812999999999993,"total":0.0069812999999999993,"children":null},"AgentSendState":{"count":2533,"self":0.5053747,"total":0.68210229999999994,"children":{"CollectObservations":{"count":2507,"self":0.0019933999999999998,"total":0.0019933999999999998,"children":null},"WriteActionMask":{"count":2507,"self":0.0029931999999999997,"total":0.0029931999999999997,"children":null},"RequestDecision":{"count":2507,"self":0.171741,"total":0.171741,"children":null}}},"DecideAction":{"count":2533,"self":0.014957799999999999,"total":0.014957799999999999,"children":null},"AgentAct":{"count":2533,"self":0.0284289,"total":0.0284289,"children":null}},"gauges":{"Strategy.CumulativeReward":{"count":167,"max":1.5,"min":1.5,"runningAverage":1.5,"value":1.5,"weightedAverage":1.5}},"metadata":{"timer_format_version":"0.1.0","start_time_seconds":"1671387181","unity_version":"2021.2.8f1","command_line_arguments":"C:\\Unity Projects\\2021.2.8f1\\Editor\\Unity.exe -projectpath C:\/Projects\/UnityML_TestProject -useHub -hubIPC -cloudEnvironment production -hubSessionId e1a79750-7ee9-11ed-ad4c-f1114942c6a5","communication_protocol_version":"1.5.0","com.unity.ml-agents_version":"2.0.1","scene_name":"SimpleStrategy2","end_time_seconds":"1671387237"}}