{"count":1,"self":347.60174079999996,"total":5331.3223288,"children":{"InitializeActuators":{"count":1,"self":0.0019962,"total":0.0019962,"children":null},"InitializeSensors":{"count":1,"self":0.0059865,"total":0.0059865,"children":null},"AgentSendState":{"count":740151,"self":256.9512448,"total":316.73232709999996,"children":{"CollectObservations":{"count":736871,"self":0.80752649999999992,"total":0.80752649999999992,"children":null},"WriteActionMask":{"count":736871,"self":0.9640888,"total":0.9640888,"children":null},"RequestDecision":{"count":736871,"self":3.4276123999999997,"total":58.0094578,"children":{"AgentInfo.ToProto":{"count":736871,"self":3.7158599999999997,"total":54.5818453,"children":{"GenerateSensorData":{"count":736871,"self":50.865984,"total":50.8659855,"children":null}}}}}}},"DecideAction":{"count":740151,"self":4662.7500032,"total":4662.7498442999995,"children":null},"AgentAct":{"count":740151,"self":3.1456196,"total":4.2294266,"children":{"AgentInfo.ToProto":{"count":15171,"self":0.055162199999999995,"total":1.0838071,"children":{"GenerateSensorData":{"count":15171,"self":1.0286449,"total":1.0286449,"children":null}}}}}},"gauges":{"Strategy.CumulativeReward":{"count":15171,"max":1,"min":-17.785017,"runningAverage":-3.07568216,"value":-5.15,"weightedAverage":-4.08523226}},"metadata":{"timer_format_version":"0.1.0","start_time_seconds":"1670838803","unity_version":"2021.2.8f1","command_line_arguments":"C:\\Unity Projects\\2021.2.8f1\\Editor\\Unity.exe -projectpath C:\/Projects\/UnityML_TestProject -useHub -hubIPC -cloudEnvironment production -hubSessionId 860abc70-71a0-11ed-9c33-bb5aa35223ae","communication_protocol_version":"1.5.0","com.unity.ml-agents_version":"2.0.1","scene_name":"SimpleStrategy2","end_time_seconds":"1670844135"}}