{"count":1,"self":25.343678399999998,"total":25.4130738,"children":{"InitializeActuators":{"count":1,"self":0.0019619999999999998,"total":0.0019619999999999998,"children":null},"InitializeSensors":{"count":1,"self":0.0079770999999999991,"total":0.0079770999999999991,"children":null},"AgentSendState":{"count":777,"self":0.039469199999999996,"total":0.0514718,"children":{"GridSensor.Update":{"count":78,"self":0.0029916,"total":0.0029916,"children":null},"CollectObservations":{"count":78,"self":0.0010046999999999999,"total":0.0010046999999999999,"children":null},"WriteActionMask":{"count":78,"self":0,"total":0,"children":null},"RequestDecision":{"count":78,"self":0.0029893999999999997,"total":0.0080063,"children":{"GridSensor.GetCompressedObservation":{"count":78,"self":0.0050168999999999995,"total":0.0050168999999999995,"children":null}}}}},"DecideAction":{"count":777,"self":0.0049901,"total":0.0049901,"children":null},"AgentAct":{"count":777,"self":0.0029936999999999997,"total":0.0029936999999999997,"children":null}},"gauges":{},"metadata":{"timer_format_version":"0.1.0","start_time_seconds":"1670198368","unity_version":"2021.2.8f1","command_line_arguments":"C:\\Unity Projects\\2021.2.8f1\\Editor\\Unity.exe -projectpath C:\/Projects\/UnityML_TestProject -useHub -hubIPC -cloudEnvironment production -hubSessionId 860abc70-71a0-11ed-9c33-bb5aa35223ae","communication_protocol_version":"1.5.0","com.unity.ml-agents_version":"2.0.1","scene_name":"SimpleStrategy2","end_time_seconds":"1670198393"}}