{"count":1,"self":148.211264,"total":467.68112229999997,"children":{"InitializeActuators":{"count":9,"self":0.00099739999999999985,"total":0.00099739999999999985,"children":null},"InitializeSensors":{"count":9,"self":0.0039894,"total":0.0039894,"children":null},"AgentSendState":{"count":375917,"self":1.7234136,"total":5.6937419,"children":{"CollectObservations":{"count":338328,"self":0.57958619999999994,"total":0.57958619999999994,"children":null},"WriteActionMask":{"count":338328,"self":0.2353942,"total":0.2353942,"children":null},"RequestDecision":{"count":338328,"self":0.8271731,"total":3.1553478999999998,"children":{"AgentInfo.ToProto":{"count":338328,"self":0.7915536,"total":2.3281747999999998,"children":{"GenerateSensorData":{"count":338328,"self":1.5366212,"total":1.5366212,"children":null}}}}}}},"DecideAction":{"count":375917,"self":308.16194559999997,"total":308.1619462,"children":null},"AgentAct":{"count":375917,"self":5.5273987999999994,"total":5.6081818,"children":{"AgentInfo.ToProto":{"count":5489,"self":0.0329149,"total":0.0807831,"children":{"GenerateSensorData":{"count":5489,"self":0.0478682,"total":0.0478682,"children":null}}}}}},"gauges":{"Strategy.CumulativeReward":{"count":5489,"max":1,"min":0,"runningAverage":0.9590089,"value":1,"weightedAverage":0.9999999}},"metadata":{"timer_format_version":"0.1.0","start_time_seconds":"1668102724","unity_version":"2021.2.8f1","command_line_arguments":"C:\\Unity Projects\\2021.2.8f1\\Editor\\Unity.exe -projectpath C:\/Projects\/UnityML_TestProject -useHub -hubIPC -cloudEnvironment production -hubSessionId a9313890-600d-11ed-93e4-45877c75432d","communication_protocol_version":"1.5.0","com.unity.ml-agents_version":"2.0.1","scene_name":"StrategySimple","end_time_seconds":"1668103192"}}