{"count":1,"self":283.495296,"total":739.67377909999993,"children":{"InitializeActuators":{"count":9,"self":0.0019944999999999997,"total":0.0019944999999999997,"children":null},"InitializeSensors":{"count":9,"self":0.0019962,"total":0.0019962,"children":null},"AgentSendState":{"count":530384,"self":2.602458,"total":9.9832225,"children":{"CollectObservations":{"count":477351,"self":0.9594378,"total":0.9594378,"children":null},"WriteActionMask":{"count":477351,"self":0.35207649999999996,"total":0.35207649999999996,"children":null},"RequestDecision":{"count":477351,"self":1.290435,"total":6.0692502,"children":{"AgentInfo.ToProto":{"count":477351,"self":1.3263376999999998,"total":4.7788151999999995,"children":{"GenerateSensorData":{"count":477351,"self":3.4524776,"total":3.4524774999999996,"children":null}}}}}}},"DecideAction":{"count":530384,"self":436.7079424,"total":436.70792609999995,"children":null},"AgentAct":{"count":530384,"self":9.4304664,"total":9.4823393,"children":{"AgentInfo.ToProto":{"count":2676,"self":0.0159623,"total":0.0518726,"children":{"GenerateSensorData":{"count":2676,"self":0.0359103,"total":0.0359103,"children":null}}}}}},"gauges":{"Strategy.CumulativeReward":{"count":2676,"max":47.3808479,"min":-2770.39551,"runningAverage":14.3764677,"value":33.96054,"weightedAverage":35.16454}},"metadata":{"timer_format_version":"0.1.0","start_time_seconds":"1668106817","unity_version":"2021.2.8f1","command_line_arguments":"C:\\Unity Projects\\2021.2.8f1\\Editor\\Unity.exe -projectpath C:\/Projects\/UnityML_TestProject -useHub -hubIPC -cloudEnvironment production -hubSessionId a9313890-600d-11ed-93e4-45877c75432d","communication_protocol_version":"1.5.0","com.unity.ml-agents_version":"2.0.1","scene_name":"StrategyObstaclesOne","end_time_seconds":"1668107556"}}