{
    "name": "root",
    "metadata": {
        "timer_format_version": "0.1.0",
        "start_time_seconds": "1669911666",
        "python_version": "3.7.9 (tags/v3.7.9:13c94747c7, Aug 17 2020, 18:58:18) [MSC v.1900 64 bit (AMD64)]",
        "command_line_arguments": "C:\\Projects\\UnityML_TestProject\\venv\\Scripts\\mlagents-learn Assets/config/Strategy_config.yaml --run-id=StrategyGrid --force",
        "mlagents_version": "0.28.0",
        "mlagents_envs_version": "0.28.0",
        "communication_protocol_version": "1.5.0",
        "pytorch_version": "1.13.0+cu117",
        "numpy_version": "1.21.6",
        "end_time_seconds": "1669911771"
    },
    "total": 104.12980800000001,
    "count": 1,
    "self": 0.008506900000014639,
    "children": {
        "run_training.setup": {
            "total": 0.0690442,
            "count": 1,
            "self": 0.0690442
        },
        "TrainerController.start_learning": {
            "total": 104.0522569,
            "count": 1,
            "self": 0.08974250000001405,
            "children": {
                "TrainerController._reset_env": {
                    "total": 6.5998034,
                    "count": 1,
                    "self": 6.5998034
                },
                "TrainerController.advance": {
                    "total": 97.21447699999999,
                    "count": 4680,
                    "self": 0.09464440000002128,
                    "children": {
                        "env_step": {
                            "total": 96.41726479999988,
                            "count": 4680,
                            "self": 80.87717480000045,
                            "children": {
                                "SubprocessEnvManager._take_step": {
                                    "total": 15.469936799999706,
                                    "count": 4680,
                                    "self": 0.30201539999967153,
                                    "children": {
                                        "TorchPolicy.evaluate": {
                                            "total": 15.167921400000035,
                                            "count": 4680,
                                            "self": 7.955498300000084,
                                            "children": {
                                                "TorchPolicy.sample_actions": {
                                                    "total": 7.212423099999951,
                                                    "count": 4680,
                                                    "self": 7.212423099999951
                                                }
                                            }
                                        }
                                    }
                                },
                                "workers": {
                                    "total": 0.07015319999973713,
                                    "count": 4679,
                                    "self": 0.0,
                                    "children": {
                                        "worker_root": {
                                            "total": 73.39020190000015,
                                            "count": 4679,
                                            "is_parallel": true,
                                            "self": 21.643922200000013,
                                            "children": {
                                                "steps_from_proto": {
                                                    "total": 0.013862800000000064,
                                                    "count": 1,
                                                    "is_parallel": true,
                                                    "self": 0.00013410000000035893,
                                                    "children": {
                                                        "_process_maybe_compressed_observation": {
                                                            "total": 0.013728699999999705,
                                                            "count": 2,
                                                            "is_parallel": true,
                                                            "self": 4.5799999999651675e-05,
                                                            "children": {
                                                                "_observation_to_np_array": {
                                                                    "total": 0.013682900000000053,
                                                                    "count": 1,
                                                                    "is_parallel": true,
                                                                    "self": 2.529999999989485e-05,
                                                                    "children": {
                                                                        "process_pixels": {
                                                                            "total": 0.013657600000000159,
                                                                            "count": 1,
                                                                            "is_parallel": true,
                                                                            "self": 0.00020769999999981081,
                                                                            "children": {
                                                                                "image_decompress": {
                                                                                    "total": 0.013449900000000348,
                                                                                    "count": 1,
                                                                                    "is_parallel": true,
                                                                                    "self": 0.013449900000000348
                                                                                }
                                                                            }
                                                                        }
                                                                    }
                                                                }
                                                            }
                                                        }
                                                    }
                                                },
                                                "UnityEnvironment.step": {
                                                    "total": 51.73241690000014,
                                                    "count": 4679,
                                                    "is_parallel": true,
                                                    "self": 0.3623876000003605,
                                                    "children": {
                                                        "UnityEnvironment._generate_step_input": {
                                                            "total": 0.31573019999985696,
                                                            "count": 4679,
                                                            "is_parallel": true,
                                                            "self": 0.31573019999985696
                                                        },
                                                        "communicator.exchange": {
                                                            "total": 49.006729999999756,
                                                            "count": 4679,
                                                            "is_parallel": true,