{
    "name": "root",
    "metadata": {
        "timer_format_version": "0.1.0",
        "start_time_seconds": "1667927127",
        "python_version": "3.7.9 (tags/v3.7.9:13c94747c7, Aug 17 2020, 18:58:18) [MSC v.1900 64 bit (AMD64)]",
        "command_line_arguments": "C:\\Projects\\ML_Agents_Test_Project\\venv\\Scripts\\mlagents-learn --run-id=Rollerball3",
        "mlagents_version": "0.29.0",
        "mlagents_envs_version": "0.29.0",
        "communication_protocol_version": "1.5.0",
        "pytorch_version": "1.7.0+cu110",
        "numpy_version": "1.21.2",
        "end_time_seconds": "1667927238"
    },
    "total": 111.4215155,
    "count": 1,
    "self": 0.006642099999993434,
    "children": {
        "run_training.setup": {
            "total": 0.0752758,
            "count": 1,
            "self": 0.0752758
        },
        "TrainerController.start_learning": {
            "total": 111.3395976,
            "count": 1,
            "self": 0.15753470000036884,
            "children": {
                "TrainerController._reset_env": {
                    "total": 10.9005724,
                    "count": 1,
                    "self": 10.9005724
                },
                "TrainerController.advance": {
                    "total": 100.20229609999964,
                    "count": 7387,
                    "self": 0.16590229999948747,
                    "children": {
                        "env_step": {
                            "total": 98.13829010000026,
                            "count": 7387,
                            "self": 77.23161649999987,
                            "children": {
                                "SubprocessEnvManager._take_step": {
                                    "total": 20.81173279999983,
                                    "count": 7387,
                                    "self": 0.5117009000000579,
                                    "children": {
                                        "TorchPolicy.evaluate": {
                                            "total": 20.300031899999773,
                                            "count": 7066,
                                            "self": 12.60030100000002,
                                            "children": {
                                                "TorchPolicy.sample_actions": {
                                                    "total": 7.699730899999754,
                                                    "count": 7066,
                                                    "self": 7.699730899999754
                                                }
                                            }
                                        }
                                    }
                                },
                                "workers": {
                                    "total": 0.09494080000056115,
                                    "count": 7386,
                                    "self": 0.0,
                                    "children": {
                                        "worker_root": {
                                            "total": 98.53064990000038,
                                            "count": 7386,
                                            "is_parallel": true,
                                            "self": 30.940923400000344,
                                            "children": {
                                                "steps_from_proto": {
                                                    "total": 0.0003911999999992588,
                                                    "count": 1,
                                                    "is_parallel": true,
                                                    "self": 0.00019680000000121822,
                                                    "children": {
                                                        "_process_rank_one_or_two_observation": {
                                                            "total": 0.00019439999999804058,
                                                            "count": 2,
                                                            "is_parallel": true,
                                                            "self": 0.00019439999999804058
                                                        }
                                                    }
                                                },
                                                "UnityEnvironment.step": {
                                                    "total": 67.58933530000004,
                                                    "count": 7386,
                                                    "is_parallel": true,
                                                    "self": 0.6362505999993573,
                                                    "children": {
                                                        "UnityEnvironment._generate_step_input": {
                                                            "total": 0.5401341000002429,
                                                            "count": 7386,
                                                            "is_parallel": true,
                                                            "self": 0.5401341000002429
                                                        },
                                                        "communicator.exchange": {
                                                            "total": 64.84723050000002,
                                                            "count": 7386,
                                                            "is_parallel": true,
                                                            "self": 64.84723050000002
                                                        },
                                                        "steps_from_proto": {
                                                            "total": 1.5657201000004122,
                                                            "count": 7386,
                                                            "is_parallel": true,
                                                            "self": 0.8316208999996917,
                                                            "children": {
                                                                "_process_rank_one_or_two_observation": {
                                                                    "total": 0.7340992000007205,
                                                                    "count": 14772,
                                                                    "is_parallel": true,
                                                                    "self": 0.7340992000007205
                                                                }
                                                            }
                                                        }
                                                    }
                                                }
                                            }
                                        }
                                    }
                                }
                            }
                        },
                        "trainer_advance": {
                            "total": 1.8981036999998988,
                            "count": 7386,
                            "self": 0.19278619999990987,
                            "children": {
                                "process_trajectory": {
                                    "total": 1.705317499999989,
                                    "count": 7386,
                                    "self": 1.705317499999989
                                }
                            }
                        }
                    }
                },