{
    "name": "root",
    "metadata": {
        "timer_format_version": "0.1.0",
        "start_time_seconds": "1669838890",
        "python_version": "3.7.9 (tags/v3.7.9:13c94747c7, Aug 17 2020, 18:58:18) [MSC v.1900 64 bit (AMD64)]",
        "command_line_arguments": "C:\\Projects\\UnityML_TestProject\\venv\\Scripts\\mlagents-learn Assets/config/Strategy_config.yaml --run-id=StrategyRTS --force",
        "mlagents_version": "0.28.0",
        "mlagents_envs_version": "0.28.0",
        "communication_protocol_version": "1.5.0",
        "pytorch_version": "1.13.0+cu117",
        "numpy_version": "1.21.6",
        "end_time_seconds": "1669839160"
    },
    "total": 269.549062,
    "count": 1,
    "self": 0.0046354999999493884,
    "children": {
        "run_training.setup": {
            "total": 0.07133480000000003,
            "count": 1,
            "self": 0.07133480000000003
        },
        "TrainerController.start_learning": {
            "total": 269.47309170000005,
            "count": 1,
            "self": 0.025791100000390088,
            "children": {
                "TrainerController._reset_env": {
                    "total": 7.5314131,
                    "count": 1,
                    "self": 7.5314131
                },
                "TrainerController.advance": {
                    "total": 261.79011269999967,
                    "count": 1254,
                    "self": 0.027398999999036278,
                    "children": {
                        "env_step": {
                            "total": 261.51459080000035,
                            "count": 1254,
                            "self": 256.78723660000026,
                            "children": {
                                "SubprocessEnvManager._take_step": {
                                    "total": 4.705420700000216,
                                    "count": 1256,
                                    "self": 0.08302310000022217,
                                    "children": {
                                        "TorchPolicy.evaluate": {
                                            "total": 4.622397599999994,
                                            "count": 1256,
                                            "self": 1.5318426000000454,
                                            "children": {
                                                "TorchPolicy.sample_actions": {
                                                    "total": 3.0905549999999486,
                                                    "count": 1256,
                                                    "self": 3.0905549999999486
                                                }
                                            }
                                        }
                                    }
                                },
                                "workers": {
                                    "total": 0.021933499999862605,
                                    "count": 1253,
                                    "self": 0.0,
                                    "children": {
                                        "worker_root": {
                                            "total": 206.72449950000038,
                                            "count": 1253,
                                            "is_parallel": true,
                                            "self": 7.197993600000274,
                                            "children": {
                                                "steps_from_proto": {
                                                    "total": 0.04434839999999873,
                                                    "count": 3,
                                                    "is_parallel": true,
                                                    "self": 0.0003575999999938517,
                                                    "children": {
                                                        "_process_maybe_compressed_observation": {
                                                            "total": 0.043815300000000335,
                                                            "count": 6,
                                                            "is_parallel": true,
                                                            "self": 0.00011219999999578789,
                                                            "children": {
                                                                "_observation_to_np_array": {
                                                                    "total": 0.04370310000000455,
                                                                    "count": 3,
                                                                    "is_parallel": true,
                                                                    "self": 6.930000000604508e-05,
                                                                    "children": {
                                                                        "process_pixels": {
                                                                            "total": 0.0436337999999985,
                                                                            "count": 3,
                                                                            "is_parallel": true,
                                                                            "self": 0.001739899999997796,
                                                                            "children": {
                                                                                "image_decompress": {
                                                                                    "total": 0.041893900000000706,
                                                                                    "count": 15,
                                                                                    "is_parallel": true,
                                                                                    "self": 0.041893900000000706
                                                                                }
                                                                            }
                                                                        }
                                                                    }
                                                                }
                                                            }
                                                        },
                                                        "_process_rank_one_or_two_observation": {
                                                            "total": 0.00017550000000454702,
                                                            "count": 6,
                                                            "is_parallel": true,
                                                            "self": 0.00017550000000454702
                                                        }
                                                    }
                                                },
                                                "UnityEnvironment.step": {
                                                    "total": 199.4821575000001,
                                                    "count": 1253,
                                                    "is_parallel": true,
                                                    "self": 0.11021939999997699,
                                                    "children": {
                                                        "UnityEnvironment._generate_step_input": {
                                                            "total": 0.08931509999973919,
                                                            "count": 1253,
                                                            "is_parallel": true,