{
    "name": "root",
    "gauges": {
        "Strategy.Policy.Entropy.mean": {
            "value": 1.4195644855499268,
            "min": 1.4195644855499268,
            "max": 1.4262219667434692,
            "count": 3
        },
        "Strategy.Policy.Entropy.sum": {
            "value": 7106.33984375,
            "min": 3711.029296875,
            "max": 7136.81494140625,
            "count": 3
        },
        "Strategy.Environment.EpisodeLength.mean": {
            "value": 38.41732283464567,
            "min": 26.978494623655912,
            "max": 38.41732283464567,
            "count": 3
        },
        "Strategy.Environment.EpisodeLength.sum": {
            "value": 4879.0,
            "min": 2509.0,
            "max": 4879.0,
            "count": 3
        },
        "Strategy.Step.mean": {
            "value": 239978.0,
            "min": 229975.0,
            "max": 239978.0,
            "count": 3
        },
        "Strategy.Step.sum": {
            "value": 239978.0,
            "min": 229975.0,
            "max": 239978.0,
            "count": 3
        },
        "Strategy.Policy.ExtrinsicValueEstimate.mean": {
            "value": 3.7584033012390137,
            "min": 3.696892261505127,
            "max": 3.7584033012390137,
            "count": 3
        },
        "Strategy.Policy.ExtrinsicValueEstimate.sum": {
            "value": 537.45166015625,
            "min": 351.20477294921875,
            "max": 609.9872436523438,
            "count": 3
        },
        "Strategy.Environment.CumulativeReward.mean": {
            "value": 10.259842519685039,
            "min": 5.4021739130434785,
            "max": 10.259842519685039,
            "count": 3
        },
        "Strategy.Environment.CumulativeReward.sum": {
            "value": 1303.0,
            "min": 497.0,
            "max": 1303.0,
            "count": 3
        },
        "Strategy.Policy.ExtrinsicReward.mean": {
            "value": 10.259842519685039,
            "min": 5.4021739130434785,
            "max": 10.259842519685039,
            "count": 3
        },
        "Strategy.Policy.ExtrinsicReward.sum": {
            "value": 1303.0,
            "min": 497.0,
            "max": 1303.0,
            "count": 3
        },
        "Strategy.IsTraining.mean": {
            "value": 1.0,
            "min": 1.0,
            "max": 1.0,
            "count": 3
        },
        "Strategy.IsTraining.sum": {
            "value": 1.0,
            "min": 1.0,
            "max": 1.0,
            "count": 3
        },
        "Strategy.Losses.PolicyLoss.mean": {
            "value": 0.026268478358785312,
            "min": 0.026268478358785312,
            "max": 0.026268478358785312,
            "count": 1
        },
        "Strategy.Losses.PolicyLoss.sum": {
            "value": 0.026268478358785312,
            "min": 0.026268478358785312,
            "max": 0.026268478358785312,
            "count": 1
        },
        "Strategy.Losses.ValueLoss.mean": {
            "value": 9.509329700469971,
            "min": 9.509329700469971,
            "max": 9.509329700469971,
            "count": 1
        },
        "Strategy.Losses.ValueLoss.sum": {
            "value": 9.509329700469971,
            "min": 9.509329700469971,
            "max": 9.509329700469971,
            "count": 1
        },
        "Strategy.Policy.LearningRate.mean": {
            "value": 0.002928699602376681,
            "min": 0.002928699602376681,
            "max": 0.002928699602376681,
            "count": 1
        },
        "Strategy.Policy.LearningRate.sum": {
            "value": 0.002928699602376681,
            "min": 0.002928699602376681,
            "max": 0.002928699602376681,
            "count": 1
        },
        "Strategy.Policy.Epsilon.mean": {
            "value": 0.19762332,
            "min": 0.19762332,
            "max": 0.19762332,
            "count": 1
        },
        "Strategy.Policy.Epsilon.sum": {
            "value": 0.19762332,
            "min": 0.19762332,
            "max": 0.19762332,
            "count": 1
        },
        "Strategy.Policy.Beta.mean": {
            "value": 0.004881403667999999,
            "min": 0.004881403667999999,
            "max": 0.004881403667999999,
            "count": 1
        },
        "Strategy.Policy.Beta.sum": {
            "value": 0.004881403667999999,
            "min": 0.004881403667999999,
            "max": 0.004881403667999999,
            "count": 1
        }
    },
    "metadata": {
        "timer_format_version": "0.1.0",
        "start_time_seconds": "1670609831",
        "python_version": "3.7.9 (tags/v3.7.9:13c94747c7, Aug 17 2020, 18:58:18) [MSC v.1900 64 bit (AMD64)]",
        "command_line_arguments": "C:\\Projects\\UnityML_TestProject\\venv\\Scripts\\mlagents-learn Assets/config/Strategy_config.yaml --run-id=StrategyRTS --resume",
        "mlagents_version": "0.28.0",
        "mlagents_envs_version": "0.28.0",
        "communication_protocol_version": "1.5.0",
        "pytorch_version": "1.13.0+cu117",
        "numpy_version": "1.21.6",
        "end_time_seconds": "1670610032"
    },
    "total": 201.2359403,
    "count": 1,
    "self": 0.0060692000000130975,
    "children": {
        "run_training.setup": {
            "total": 0.08983439999999998,
            "count": 1,
            "self": 0.08983439999999998
        },
        "TrainerController.start_learning": {
            "total": 201.1400367,
            "count": 1,
            "self": 0.26096120000136125,
            "children": {
                "TrainerController._reset_env": {
                    "total": 37.4701597,
                    "count": 1,
                    "self": 37.4701597
                },
                "TrainerController.advance": {
                    "total": 163.13162289999863,
                    "count": 13875,
                    "self": 0.2833227999987855,
                    "children": {
                        "env_step": {
                            "total": 157.01408849999922,
                            "count": 13875,
                            "self": 92.01588180000118,
                            "children": {
                                "SubprocessEnvManager._take_step": {
                                    "total": 64.78254529999734,
                                    "count": 13875,
                                    "self": 0.793408899998667,
                                    "children": {
                                        "TorchPolicy.evaluate": {
                                            "total": 63.98913639999867,
                                            "count": 13858,
                                            "self": 20.51872219999816,
                                            "children": {
                                                "TorchPolicy.sample_actions": {
                                                    "total": 43.47041420000051,
                                                    "count": 13858,
                                                    "self": 43.47041420000051
                                                }
                                            }
                                        }
                                    }
                                },
                                "workers": {
                                    "total": 0.21566140000070533,
                                    "count": 13874,
                                    "self": 0.0,
                                    "children": {
                                        "worker_root": {
                                            "total": 158.7871743999992,
                                            "count": 13874,
                                            "is_parallel": true,
                                            "self": 87.64461119999974,