{
    "name": "root",
    "gauges": {
        "Strategy.Policy.Entropy.mean": {
            "value": 1.3245313167572021,
            "min": 1.2955585718154907,
            "max": 1.4189385175704956,
            "count": 62
        },
        "Strategy.Policy.Entropy.sum": {
            "value": 6564.37744140625,
            "min": 6400.0595703125,
            "max": 7264.96533203125,
            "count": 62
        },
        "Strategy.Step.mean": {
            "value": 309959.0,
            "min": 4992.0,
            "max": 309959.0,
            "count": 62
        },
        "Strategy.Step.sum": {
            "value": 309959.0,
            "min": 4992.0,
            "max": 309959.0,
            "count": 62
        },
        "Strategy.Policy.ExtrinsicValueEstimate.mean": {
            "value": -2.4753575325012207,
            "min": -2.546316385269165,
            "max": -0.05678786337375641,
            "count": 62
        },
        "Strategy.Policy.ExtrinsicValueEstimate.sum": {
            "value": -193.077880859375,
            "min": -200.87826538085938,
            "max": -4.429453372955322,
            "count": 62
        },
        "Strategy.IsTraining.mean": {
            "value": 1.0,
            "min": 1.0,
            "max": 1.0,
            "count": 62
        },
        "Strategy.IsTraining.sum": {
            "value": 1.0,
            "min": 1.0,
            "max": 1.0,
            "count": 62
        },
        "Strategy.Losses.PolicyLoss.mean": {
            "value": 0.023005553358234464,
            "min": 0.018679660372436048,
            "max": 0.030905541948353252,
            "count": 30
        },
        "Strategy.Losses.PolicyLoss.sum": {
            "value": 0.023005553358234464,
            "min": 0.018679660372436048,
            "max": 0.030905541948353252,
            "count": 30
        },
        "Strategy.Losses.ValueLoss.mean": {
            "value": 0.0005604843220983943,
            "min": 0.0004660237696953118,
            "max": 0.04964539470771948,
            "count": 30
        },
        "Strategy.Losses.ValueLoss.sum": {
            "value": 0.0005604843220983943,
            "min": 0.0004660237696953118,
            "max": 0.04964539470771948,
            "count": 30
        },
        "Strategy.Policy.LearningRate.mean": {
            "value": 0.0029071659030944687,
            "min": 0.0029071659030944687,
            "max": 0.002996851200104959,
            "count": 30
        },
        "Strategy.Policy.LearningRate.sum": {
            "value": 0.0029071659030944687,
            "min": 0.0029071659030944687,
            "max": 0.002996851200104959,
            "count": 30
        },
        "Strategy.Policy.Epsilon.mean": {
            "value": 0.19690553000000008,
            "min": 0.19690553000000008,
            "max": 0.19989504000000008,
            "count": 30
        },
        "Strategy.Policy.Epsilon.sum": {
            "value": 0.19690553000000008,
            "min": 0.19690553000000008,
            "max": 0.19989504000000008,
            "count": 30
        },
        "Strategy.Policy.Beta.mean": {
            "value": 0.004845585947,
            "min": 0.004845585947,
            "max": 0.004994762496000001,
            "count": 30
        },
        "Strategy.Policy.Beta.sum": {
            "value": 0.004845585947,
            "min": 0.004845585947,
            "max": 0.004994762496000001,
            "count": 30
        },
        "Strategy.Environment.EpisodeLength.mean": {
            "value": 19999.0,
            "min": 9777.0,
            "max": 19999.0,
            "count": 13
        },
        "Strategy.Environment.EpisodeLength.sum": {
            "value": 19999.0,
            "min": 9777.0,
            "max": 39998.0,
            "count": 13
        },
        "Strategy.Environment.CumulativeReward.mean": {
            "value": -532.8933101892471,
            "min": -556.9016485214233,
            "max": -261.3999897837639,
            "count": 13
        },
        "Strategy.Environment.CumulativeReward.sum": {
            "value": -532.8933101892471,
            "min": -1068.8199535608292,
            "max": -261.3999897837639,
            "count": 13
        },
        "Strategy.Policy.ExtrinsicReward.mean": {
            "value": -532.8933101892471,
            "min": -556.9016485214233,
            "max": -261.3999897837639,
            "count": 13
        },
        "Strategy.Policy.ExtrinsicReward.sum": {
            "value": -532.8933101892471,
            "min": -1068.8199535608292,
            "max": -261.3999897837639,
            "count": 13
        }
    },
    "metadata": {
        "timer_format_version": "0.1.0",
        "start_time_seconds": "1669413301",
        "python_version": "3.7.9 (tags/v3.7.9:13c94747c7, Aug 17 2020, 18:58:18) [MSC v.1900 64 bit (AMD64)]",
        "command_line_arguments": "C:\\Projects\\UnityML_TestProject\\venv\\Scripts\\mlagents-learn Assets/config/Strategy_config.yaml --run-id=StrategyRTS --force",
        "mlagents_version": "0.28.0",
        "mlagents_envs_version": "0.28.0",
        "communication_protocol_version": "1.5.0",
        "pytorch_version": "1.13.0+cu117",
        "numpy_version": "1.21.6",
        "end_time_seconds": "1669414190"
    },
    "total": 888.9969469,
    "count": 1,
    "self": 0.004489799999987554,
    "children": {
        "run_training.setup": {
            "total": 0.06861899999999999,
            "count": 1,
            "self": 0.06861899999999999
        },
        "TrainerController.start_learning": {
            "total": 888.9238381,
            "count": 1,
            "self": 1.5863365999937287,
            "children": {
                "TrainerController._reset_env": {
                    "total": 9.2510474,
                    "count": 1,
                    "self": 9.2510474
                },
                "TrainerController.advance": {
                    "total": 877.8840812000063,
                    "count": 77735,
                    "self": 1.8266602999968882,
                    "children": {
                        "env_step": {
                            "total": 784.0337928999978,
                            "count": 77735,
                            "self": 543.2789966999889,
                            "children": {
                                "SubprocessEnvManager._take_step": {
                                    "total": 239.69815310001417,
                                    "count": 77735,
                                    "self": 5.6674569000179815,
                                    "children": {
                                        "TorchPolicy.evaluate": {
                                            "total": 234.03069619999619,
                                            "count": 77721,
                                            "self": 162.41149399998056,
                                            "children": {
                                                "TorchPolicy.sample_actions": {
                                                    "total": 71.61920220001562,
                                                    "count": 77721,
                                                    "self": 71.61920220001562
                                                }
                                            }
                                        }
                                    }
                                },
                                "workers": {
                                    "total": 1.0566430999947674,
                                    "count": 77734,
                                    "self": 0.0,
                                    "children": {
                                        "worker_root": {
                                            "total": 815.4925615999931,
                                            "count": 77734,
                                            "is_parallel": true,