{
    "name": "root",
    "gauges": {
        "Strategy.Policy.Entropy.mean": {
            "value": 1.6094304323196411,
            "min": 1.6094304323196411,
            "max": 1.6094304323196411,
            "count": 1
        },
        "Strategy.Policy.Entropy.sum": {
            "value": 8053.58984375,
            "min": 8053.58984375,
            "max": 8053.58984375,
            "count": 1
        },
        "Strategy.Environment.EpisodeLength.mean": {
            "value": 24.661538461538463,
            "min": 24.661538461538463,
            "max": 24.661538461538463,
            "count": 1
        },
        "Strategy.Environment.EpisodeLength.sum": {
            "value": 4809.0,
            "min": 4809.0,
            "max": 4809.0,
            "count": 1
        },
        "Strategy.Step.mean": {
            "value": 4991.0,
            "min": 4991.0,
            "max": 4991.0,
            "count": 1
        },
        "Strategy.Step.sum": {
            "value": 4991.0,
            "min": 4991.0,
            "max": 4991.0,
            "count": 1
        },
        "Strategy.Policy.ExtrinsicValueEstimate.mean": {
            "value": 0.058084189891815186,
            "min": 0.058084189891815186,
            "max": 0.058084189891815186,
            "count": 1
        },
        "Strategy.Policy.ExtrinsicValueEstimate.sum": {
            "value": 11.558753967285156,
            "min": 11.558753967285156,
            "max": 11.558753967285156,
            "count": 1
        },
        "Strategy.Environment.CumulativeReward.mean": {
            "value": 10.577319587628866,
            "min": 10.577319587628866,
            "max": 10.577319587628866,
            "count": 1
        },
        "Strategy.Environment.CumulativeReward.sum": {
            "value": 2052.0,
            "min": 2052.0,
            "max": 2052.0,
            "count": 1
        },
        "Strategy.Policy.ExtrinsicReward.mean": {
            "value": 10.577319587628866,
            "min": 10.577319587628866,
            "max": 10.577319587628866,
            "count": 1
        },
        "Strategy.Policy.ExtrinsicReward.sum": {
            "value": 2052.0,
            "min": 2052.0,
            "max": 2052.0,
            "count": 1
        },
        "Strategy.IsTraining.mean": {
            "value": 1.0,
            "min": 1.0,
            "max": 1.0,
            "count": 1
        },
        "Strategy.IsTraining.sum": {
            "value": 1.0,
            "min": 1.0,
            "max": 1.0,
            "count": 1
        }
    },
    "metadata": {
        "timer_format_version": "0.1.0",
        "start_time_seconds": "1670534922",
        "python_version": "3.7.9 (tags/v3.7.9:13c94747c7, Aug 17 2020, 18:58:18) [MSC v.1900 64 bit (AMD64)]",
        "command_line_arguments": "C:\\Projects\\UnityML_TestProject\\venv\\Scripts\\mlagents-learn Assets/config/Strategy_config.yaml --run-id=StrategyRTS --force",
        "mlagents_version": "0.28.0",
        "mlagents_envs_version": "0.28.0",
        "communication_protocol_version": "1.5.0",
        "pytorch_version": "1.13.0+cu117",
        "numpy_version": "1.21.6",
        "end_time_seconds": "1670535076"
    },
    "total": 153.7778593,
    "count": 1,
    "self": 0.008341599999994287,
    "children": {
        "run_training.setup": {
            "total": 0.07472600000000007,
            "count": 1,
            "self": 0.07472600000000007
        },
        "TrainerController.start_learning": {
            "total": 153.6947917,
            "count": 1,
            "self": 0.1672936999999024,
            "children": {
                "TrainerController._reset_env": {
                    "total": 9.157681,
                    "count": 1,
                    "self": 9.157681
                },
                "TrainerController.advance": {
                    "total": 144.2292129000001,
                    "count": 9015,
                    "self": 0.18386890000095946,
                    "children": {
                        "env_step": {
                            "total": 142.0125344999999,
                            "count": 9015,
                            "self": 107.43410420000038,
                            "children": {
                                "SubprocessEnvManager._take_step": {
                                    "total": 34.44376779999972,
                                    "count": 9015,
                                    "self": 0.509870200000492,
                                    "children": {
                                        "TorchPolicy.evaluate": {
                                            "total": 33.93389759999923,
                                            "count": 9006,
                                            "self": 13.824699399999115,
                                            "children": {
                                                "TorchPolicy.sample_actions": {
                                                    "total": 20.10919820000011,
                                                    "count": 9006,
                                                    "self": 20.10919820000011
                                                }
                                            }
                                        }
                                    }
                                },
                                "workers": {
                                    "total": 0.1346624999997985,
                                    "count": 9014,
                                    "self": 0.0,
                                    "children": {
                                        "worker_root": {
                                            "total": 82.76878300000017,
                                            "count": 9014,
                                            "is_parallel": true,
                                            "self": 45.606213200000305,
                                            "children": {
                                                "steps_from_proto": {
                                                    "total": 0.012829500000000493,
                                                    "count": 1,
                                                    "is_parallel": true,
                                                    "self": 0.00015800000000076864,
                                                    "children": {
                                                        "_process_maybe_compressed_observation": {
                                                            "total": 0.012671499999999725,
                                                            "count": 2,
                                                            "is_parallel": true,
                                                            "self": 3.489999999928273e-05,
                                                            "children": {
                                                                "_observation_to_np_array": {
                                                                    "total": 0.012636600000000442,
                                                                    "count": 1,
                                                                    "is_parallel": true,
                                                                    "self": 2.409999999919421e-05,
                                                                    "children": {
                                                                        "process_pixels": {
                                                                            "total": 0.012612500000001248,
                                                                            "count": 1,
                                                                            "is_parallel": true,