{
    "name": "root",
    "gauges": {
        "Strategy.Policy.Entropy.mean": {
            "value": 0.286005437374115,
            "min": 0.16636912524700165,
            "max": 1.3862223625183105,
            "count": 337
        },
        "Strategy.Policy.Entropy.sum": {
            "value": 1400.2825927734375,
            "min": 842.9923706054688,
            "max": 7186.1767578125,
            "count": 337
        },
        "Strategy.Step.mean": {
            "value": 1684999.0,
            "min": 4967.0,
            "max": 1684999.0,
            "count": 337
        },
        "Strategy.Step.sum": {
            "value": 1684999.0,
            "min": 4967.0,
            "max": 1684999.0,
            "count": 337
        },
        "Strategy.Policy.ExtrinsicValueEstimate.mean": {
            "value": -0.9823119640350342,
            "min": -1.6365306377410889,
            "max": -0.14317995309829712,
            "count": 337
        },
        "Strategy.Policy.ExtrinsicValueEstimate.sum": {
            "value": -121.80668640136719,
            "min": -143.81271362304688,
            "max": -11.740756034851074,
            "count": 337
        },
        "Strategy.Environment.EpisodeLength.mean": {
            "value": 49.92,
            "min": 46.113207547169814,
            "max": 1741.8,
            "count": 337
        },
        "Strategy.Environment.EpisodeLength.sum": {
            "value": 4992.0,
            "min": 1315.0,
            "max": 9120.0,
            "count": 337
        },
        "Strategy.Environment.CumulativeReward.mean": {
            "value": -1.6475756374197175,
            "min": -43.21999750137329,
            "max": -1.1384613852088268,
            "count": 337
        },
        "Strategy.Environment.CumulativeReward.sum": {
            "value": -163.10998810455203,
            "min": -233.92998778820038,
            "max": -40.57499861717224,
            "count": 337
        },
        "Strategy.Policy.ExtrinsicReward.mean": {
            "value": -1.6475756374197175,
            "min": -43.21999750137329,
            "max": -1.1384613852088268,
            "count": 337
        },
        "Strategy.Policy.ExtrinsicReward.sum": {
            "value": -163.10998810455203,
            "min": -233.92998778820038,
            "max": -40.57499861717224,
            "count": 337
        },
        "Strategy.IsTraining.mean": {
            "value": 1.0,
            "min": 1.0,
            "max": 1.0,
            "count": 337
        },
        "Strategy.IsTraining.sum": {
            "value": 1.0,
            "min": 1.0,
            "max": 1.0,
            "count": 337
        },
        "Strategy.Losses.PolicyLoss.mean": {
            "value": 0.025341502608110508,
            "min": 0.015879111799101033,
            "max": 0.03608213122934103,
            "count": 164
        },
        "Strategy.Losses.PolicyLoss.sum": {
            "value": 0.025341502608110508,
            "min": 0.015879111799101033,
            "max": 0.03608213122934103,
            "count": 164
        },
        "Strategy.Losses.ValueLoss.mean": {
            "value": 0.05251654510696729,
            "min": 0.02118640476837754,
            "max": 0.1922037348151207,
            "count": 164
        },
        "Strategy.Losses.ValueLoss.sum": {
            "value": 0.05251654510696729,
            "min": 0.02118640476837754,
            "max": 0.1922037348151207,
            "count": 164
        },
        "Strategy.Policy.LearningRate.mean": {
            "value": 0.0024947046168431793,
            "min": 0.0024947046168431793,
            "max": 0.002996924700102511,
            "count": 164
        },
        "Strategy.Policy.LearningRate.sum": {
            "value": 0.0024947046168431793,
            "min": 0.0024947046168431793,
            "max": 0.002996924700102511,
            "count": 164
        },
        "Strategy.Policy.Epsilon.mean": {
            "value": 0.18315681999999994,
            "min": 0.18315681999999994,
            "max": 0.19989748999999996,
            "count": 164
        },
        "Strategy.Policy.Epsilon.sum": {
            "value": 0.18315681999999994,
            "min": 0.18315681999999994,
            "max": 0.19989748999999996,
            "count": 164
        },
        "Strategy.Policy.Beta.mean": {
            "value": 0.004159525318,
            "min": 0.004159525318,
            "max": 0.004994884750999999,
            "count": 164
        },
        "Strategy.Policy.Beta.sum": {
            "value": 0.004159525318,
            "min": 0.004159525318,
            "max": 0.004994884750999999,
            "count": 164
        }
    },
    "metadata": {
        "timer_format_version": "0.1.0",
        "start_time_seconds": "1669325176",
        "python_version": "3.7.9 (tags/v3.7.9:13c94747c7, Aug 17 2020, 18:58:18) [MSC v.1900 64 bit (AMD64)]",
        "command_line_arguments": "C:\\Projects\\UnityML_TestProject\\venv\\Scripts\\mlagents-learn Assets/config/Strategy_config.yaml --run-id=StrategyRTS --force",
        "mlagents_version": "0.28.0",
        "mlagents_envs_version": "0.28.0",
        "communication_protocol_version": "1.5.0",
        "pytorch_version": "1.13.0+cu117",
        "numpy_version": "1.21.6",
        "end_time_seconds": "1669327643"
    },
    "total": 2466.7458984,
    "count": 1,
    "self": 0.005388699999912205,
    "children": {
        "run_training.setup": {
            "total": 0.07152919999999985,
            "count": 1,
            "self": 0.07152919999999985
        },
        "TrainerController.start_learning": {
            "total": 2466.6689805,
            "count": 1,
            "self": 4.187795299968911,
            "children": {
                "TrainerController._reset_env": {
                    "total": 10.3050892,
                    "count": 1,
                    "self": 10.3050892
                },
                "TrainerController.advance": {
                    "total": 2452.1084888000305,
                    "count": 203358,
                    "self": 4.475904399986575,
                    "children": {
                        "env_step": {
                            "total": 1965.7026472000064,
                            "count": 203358,
                            "self": 1375.6264959000234,
                            "children": {
                                "SubprocessEnvManager._take_step": {
                                    "total": 587.4447814000193,
                                    "count": 203362,
                                    "self": 11.59151320001763,
                                    "children": {
                                        "TorchPolicy.evaluate": {
                                            "total": 575.8532682000017,
                                            "count": 187904,
                                            "self": 279.4540413000027,
                                            "children": {
                                                "TorchPolicy.sample_actions": {
                                                    "total": 296.399226899999,
                                                    "count": 187904,
                                                    "self": 296.399226899999
                                                }
                                            }
                                        }
                                    }
                                },
                                "workers": {
                                    "total": 2.6313698999635964,
                                    "count": 203357,
                                    "self": 0.0,
                                    "children": {
                                        "worker_root": {
                                            "total": 2380.9677568999723,
                                            "count": 203357,