{
    "name": "root",
    "gauges": {
        "Strategy.Policy.Entropy.mean": {
            "value": 0.49077242612838745,
            "min": 0.4308091998100281,
            "max": 1.3862357139587402,
            "count": 147
        },
        "Strategy.Policy.Entropy.sum": {
            "value": 2457.297607421875,
            "min": 2149.30712890625,
            "max": 6935.33740234375,
            "count": 147
        },
        "Strategy.Environment.EpisodeLength.mean": {
            "value": 28.982035928143713,
            "min": 10.082039911308204,
            "max": 69.09859154929578,
            "count": 147
        },
        "Strategy.Environment.EpisodeLength.sum": {
            "value": 4840.0,
            "min": 4547.0,
            "max": 5099.0,
            "count": 147
        },
        "Strategy.Step.mean": {
            "value": 734981.0,
            "min": 4997.0,
            "max": 734981.0,
            "count": 147
        },
        "Strategy.Step.sum": {
            "value": 734981.0,
            "min": 4997.0,
            "max": 734981.0,
            "count": 147
        },
        "Strategy.Policy.ExtrinsicValueEstimate.mean": {
            "value": -2.1094725131988525,
            "min": -2.1094725131988525,
            "max": 0.1187531128525734,
            "count": 147
        },
        "Strategy.Policy.ExtrinsicValueEstimate.sum": {
            "value": -352.2818908691406,
            "min": -877.7288818359375,
            "max": 24.225631713867188,
            "count": 147
        },
        "Strategy.Environment.CumulativeReward.mean": {
            "value": -2.8805689385417335,
            "min": -4.688309901826818,
            "max": -0.4175499085741667,
            "count": 147
        },
        "Strategy.Environment.CumulativeReward.sum": {
            "value": -481.0550127364695,
            "min": -746.735045466572,
            "max": -188.31500876694918,
            "count": 147
        },
        "Strategy.Policy.ExtrinsicReward.mean": {
            "value": -2.8805689385417335,
            "min": -4.688309901826818,
            "max": -0.4175499085741667,
            "count": 147
        },
        "Strategy.Policy.ExtrinsicReward.sum": {
            "value": -481.0550127364695,
            "min": -746.735045466572,
            "max": -188.31500876694918,
            "count": 147
        },
        "Strategy.IsTraining.mean": {
            "value": 1.0,
            "min": 1.0,
            "max": 1.0,
            "count": 147
        },
        "Strategy.IsTraining.sum": {
            "value": 1.0,
            "min": 1.0,
            "max": 1.0,
            "count": 147
        },
        "Strategy.Losses.PolicyLoss.mean": {
            "value": 0.020768796435246865,
            "min": 0.016695430440207323,
            "max": 0.07170052565634251,
            "count": 71
        },
        "Strategy.Losses.PolicyLoss.sum": {
            "value": 0.020768796435246865,
            "min": 0.016695430440207323,
            "max": 0.07170052565634251,
            "count": 71
        },
        "Strategy.Losses.ValueLoss.mean": {
            "value": 1.2580928881963094,
            "min": 0.6062968115011851,
            "max": 1.2580928881963094,
            "count": 71
        },
        "Strategy.Losses.ValueLoss.sum": {
            "value": 1.2580928881963094,
            "min": 0.6062968115011851,
            "max": 1.2580928881963094,
            "count": 71
        },
        "Strategy.Policy.LearningRate.mean": {
            "value": 0.0027813468072884393,
            "min": 0.0027813468072884393,
            "max": 0.00299692320010256,
            "count": 71
        },
        "Strategy.Policy.LearningRate.sum": {
            "value": 0.0027813468072884393,
            "min": 0.0027813468072884393,
            "max": 0.00299692320010256,
            "count": 71
        },
        "Strategy.Policy.Epsilon.mean": {
            "value": 0.19271156000000006,
            "min": 0.19271156000000006,
            "max": 0.19989744,
            "count": 71
        },
        "Strategy.Policy.Epsilon.sum": {
            "value": 0.19271156000000006,
            "min": 0.19271156000000006,
            "max": 0.19989744,
            "count": 71
        },
        "Strategy.Policy.Beta.mean": {
            "value": 0.004636306843999999,
            "min": 0.004636306843999999,
            "max": 0.0049948822560000015,
            "count": 71
        },
        "Strategy.Policy.Beta.sum": {
            "value": 0.004636306843999999,
            "min": 0.004636306843999999,
            "max": 0.0049948822560000015,
            "count": 71
        }
    },
    "metadata": {
        "timer_format_version": "0.1.0",
        "start_time_seconds": "1670838787",
        "python_version": "3.7.9 (tags/v3.7.9:13c94747c7, Aug 17 2020, 18:58:18) [MSC v.1900 64 bit (AMD64)]",
        "command_line_arguments": "C:\\Projects\\UnityML_TestProject\\venv\\Scripts\\mlagents-learn Assets/config/Strategy_config.yaml --run-id=StrategyRTS --force",
        "mlagents_version": "0.28.0",
        "mlagents_envs_version": "0.28.0",
        "communication_protocol_version": "1.5.0",
        "pytorch_version": "1.13.0+cu117",
        "numpy_version": "1.21.6",
        "end_time_seconds": "1670844135"
    },
    "total": 5348.224079199999,
    "count": 1,
    "self": 0.009229599999343918,
    "children": {
        "run_training.setup": {
            "total": 0.08013280000000012,
            "count": 1,
            "self": 0.08013280000000012
        },
        "TrainerController.start_learning": {
            "total": 5348.1347168,
            "count": 1,
            "self": 13.66915620027703,
            "children": {
                "TrainerController._reset_env": {
                    "total": 22.921601900000002,
                    "count": 1,
                    "self": 22.921601900000002
                },
                "TrainerController.advance": {
                    "total": 5311.400383399723,
                    "count": 736874,
                    "self": 14.443067399804022,
                    "children": {
                        "env_step": {
                            "total": 5015.573827099874,
                            "count": 736874,
                            "self": 2288.4654094995635,
                            "children": {
                                "SubprocessEnvManager._take_step": {
                                    "total": 2715.419224099977,
                                    "count": 736874,
                                    "self": 39.81038860004173,
                                    "children": {
                                        "TorchPolicy.evaluate": {
                                            "total": 2675.608835499935,
                                            "count": 736860,
                                            "self": 1152.6209797998797,
                                            "children": {
                                                "TorchPolicy.sample_actions": {
                                                    "total": 1522.9878557000554,
                                                    "count": 736860,
                                                    "self": 1522.9878557000554
                                                }
                                            }
                                        }
                                    }
                                },
                                "workers": {
                                    "total": 11.689193500333097,
                                    "count": 736873,
                                    "self": 0.0,
                                    "children": {
                                        "worker_root": {
                                            "total": 5309.7567471998445,
                                            "count": 736873,