{
    "name": "root",
    "gauges": {
        "Strategy.Policy.Entropy.mean": {
            "value": 1.6029040813446045,
            "min": 1.6029040813446045,
            "max": 1.6094305515289307,
            "count": 3
        },
        "Strategy.Policy.Entropy.sum": {
            "value": 8049.7841796875,
            "min": 8047.15283203125,
            "max": 8064.8564453125,
            "count": 3
        },
        "Strategy.Step.mean": {
            "value": 14993.0,
            "min": 4992.0,
            "max": 14993.0,
            "count": 3
        },
        "Strategy.Step.sum": {
            "value": 14993.0,
            "min": 4992.0,
            "max": 14993.0,
            "count": 3
        },
        "Strategy.Policy.ExtrinsicValueEstimate.mean": {
            "value": 3.089390516281128,
            "min": -0.0031832652166485786,
            "max": 3.089390516281128,
            "count": 3
        },
        "Strategy.Policy.ExtrinsicValueEstimate.sum": {
            "value": 515.92822265625,
            "min": -0.6366530656814575,
            "max": 515.92822265625,
            "count": 3
        },
        "Strategy.Environment.EpisodeLength.mean": {
            "value": 31.192307692307693,
            "min": 24.661538461538463,
            "max": 31.192307692307693,
            "count": 3
        },
        "Strategy.Environment.EpisodeLength.sum": {
            "value": 4866.0,
            "min": 4809.0,
            "max": 4866.0,
            "count": 3
        },
        "Strategy.Environment.CumulativeReward.mean": {
            "value": 15.814102564102564,
            "min": 7.65979381443299,
            "max": 15.984939759036145,
            "count": 3
        },
        "Strategy.Environment.CumulativeReward.sum": {
            "value": 2467.0,
            "min": 1486.0,
            "max": 2653.5,
            "count": 3
        },
        "Strategy.Policy.ExtrinsicReward.mean": {
            "value": 15.814102564102564,
            "min": 7.65979381443299,
            "max": 15.984939759036145,
            "count": 3
        },
        "Strategy.Policy.ExtrinsicReward.sum": {
            "value": 2467.0,
            "min": 1486.0,
            "max": 2653.5,
            "count": 3
        },
        "Strategy.IsTraining.mean": {
            "value": 1.0,
            "min": 1.0,
            "max": 1.0,
            "count": 3
        },
        "Strategy.IsTraining.sum": {
            "value": 1.0,
            "min": 1.0,
            "max": 1.0,
            "count": 3
        },
        "Strategy.Losses.PolicyLoss.mean": {
            "value": 0.02734762287388245,
            "min": 0.02734762287388245,
            "max": 0.02734762287388245,
            "count": 1
        },
        "Strategy.Losses.PolicyLoss.sum": {
            "value": 0.02734762287388245,
            "min": 0.02734762287388245,
            "max": 0.02734762287388245,
            "count": 1
        },
        "Strategy.Losses.ValueLoss.mean": {
            "value": 25.159100850423176,
            "min": 25.159100850423176,
            "max": 25.159100850423176,
            "count": 1
        },
        "Strategy.Losses.ValueLoss.sum": {
            "value": 25.159100850423176,
            "min": 25.159100850423176,
            "max": 25.159100850423176,
            "count": 1
        },
        "Strategy.Policy.LearningRate.mean": {
            "value": 0.00299692320010256,
            "min": 0.00299692320010256,
            "max": 0.00299692320010256,
            "count": 1
        },
        "Strategy.Policy.LearningRate.sum": {
            "value": 0.00299692320010256,
            "min": 0.00299692320010256,
            "max": 0.00299692320010256,
            "count": 1
        },
        "Strategy.Policy.Epsilon.mean": {
            "value": 0.19989744,
            "min": 0.19989744,
            "max": 0.19989744,
            "count": 1
        },
        "Strategy.Policy.Epsilon.sum": {
            "value": 0.19989744,
            "min": 0.19989744,
            "max": 0.19989744,
            "count": 1
        },
        "Strategy.Policy.Beta.mean": {
            "value": 0.0049948822560000015,
            "min": 0.0049948822560000015,
            "max": 0.0049948822560000015,
            "count": 1
        },
        "Strategy.Policy.Beta.sum": {
            "value": 0.0049948822560000015,
            "min": 0.0049948822560000015,
            "max": 0.0049948822560000015,
            "count": 1
        }
    },
    "metadata": {
        "timer_format_version": "0.1.0",
        "start_time_seconds": "1670599612",
        "python_version": "3.7.9 (tags/v3.7.9:13c94747c7, Aug 17 2020, 18:58:18) [MSC v.1900 64 bit (AMD64)]",
        "command_line_arguments": "C:\\Projects\\UnityML_TestProject\\venv\\Scripts\\mlagents-learn Assets/config/Strategy_config.yaml --run-id=StrategyRTS --force",
        "mlagents_version": "0.28.0",
        "mlagents_envs_version": "0.28.0",
        "communication_protocol_version": "1.5.0",
        "pytorch_version": "1.13.0+cu117",
        "numpy_version": "1.21.6",
        "end_time_seconds": "1670599915"
    },
    "total": 303.02584490000004,
    "count": 1,
    "self": 0.006587700000011409,
    "children": {
        "run_training.setup": {
            "total": 0.07816909999999933,
            "count": 1,
            "self": 0.07816909999999933
        },
        "TrainerController.start_learning": {
            "total": 302.9410881,
            "count": 1,
            "self": 0.29339969999779214,
            "children": {
                "TrainerController._reset_env": {
                    "total": 21.8398235,
                    "count": 1,
                    "self": 21.8398235
                },
                "TrainerController.advance": {
                    "total": 280.4510996000022,
                    "count": 15165,
                    "self": 0.31306920000207583,
                    "children": {
                        "env_step": {
                            "total": 274.1122235000003,
                            "count": 15165,
                            "self": 209.72415970000134,
                            "children": {
                                "SubprocessEnvManager._take_step": {
                                    "total": 64.15156210000087,
                                    "count": 15166,
                                    "self": 0.8571509999988791,
                                    "children": {
                                        "TorchPolicy.evaluate": {
                                            "total": 63.294411100001994,
                                            "count": 15150,
                                            "self": 24.278678500001604,
                                            "children": {
                                                "TorchPolicy.sample_actions": {
                                                    "total": 39.01573260000039,
                                                    "count": 15150,
                                                    "self": 39.01573260000039
                                                }
                                            }
                                        }
                                    }
                                },
                                "workers": {
                                    "total": 0.23650169999811865,
                                    "count": 15164,
                                    "self": 0.0,
                                    "children": {
                                        "worker_root": {
                                            "total": 161.16193739999994,
                                            "count": 15164,
                                            "is_parallel": true,
                                            "self": 90.65011209999918,