{
    "name": "root",
    "metadata": {
        "timer_format_version": "0.1.0",
        "start_time_seconds": "1670604878",
        "python_version": "3.7.9 (tags/v3.7.9:13c94747c7, Aug 17 2020, 18:58:18) [MSC v.1900 64 bit (AMD64)]",
        "command_line_arguments": "C:\\Projects\\UnityML_TestProject\\venv\\Scripts\\mlagents-learn Assets/config/Strategy_config.yaml --run-id=StrategyRTS --force",
        "mlagents_version": "0.28.0",
        "mlagents_envs_version": "0.28.0",
        "communication_protocol_version": "1.5.0",
        "pytorch_version": "1.13.0+cu117",
        "numpy_version": "1.21.6",
        "end_time_seconds": "1670605072"
    },
    "total": 193.7857234,
    "count": 1,
    "self": 0.004978200000010702,
    "children": {
        "run_training.setup": {
            "total": 0.09523750000000009,
            "count": 1,
            "self": 0.09523750000000009
        },
        "TrainerController.start_learning": {
            "total": 193.6855077,
            "count": 1,
            "self": 0.061245199999945044,
            "children": {
                "TrainerController._reset_env": {
                    "total": 14.7766497,
                    "count": 1,
                    "self": 14.7766497
                },
                "TrainerController.advance": {
                    "total": 178.60139900000001,
                    "count": 3364,
                    "self": 0.06405620000032286,
                    "children": {
                        "env_step": {
                            "total": 177.79943399999974,
                            "count": 3364,
                            "self": 163.59151299999897,
                            "children": {
                                "SubprocessEnvManager._take_step": {
                                    "total": 14.158604800000507,
                                    "count": 3365,
                                    "self": 0.1811259000000902,
                                    "children": {
                                        "TorchPolicy.evaluate": {
                                            "total": 13.977478900000417,
                                            "count": 3350,
                                            "self": 4.901783600000474,
                                            "children": {
                                                "TorchPolicy.sample_actions": {
                                                    "total": 9.075695299999943,
                                                    "count": 3350,
                                                    "self": 9.075695299999943
                                                }
                                            }
                                        }
                                    }
                                },
                                "workers": {
                                    "total": 0.04931620000025916,
                                    "count": 3363,
                                    "self": 0.0,
                                    "children": {
                                        "worker_root": {
                                            "total": 60.53445329999976,
                                            "count": 3363,
                                            "is_parallel": true,
                                            "self": 19.7827181999999,
                                            "children": {
                                                "steps_from_proto": {
                                                    "total": 0.03671459999999982,
                                                    "count": 2,
                                                    "is_parallel": true,
                                                    "self": 0.0005577000000016596,
                                                    "children": {
                                                        "_process_maybe_compressed_observation": {
                                                            "total": 0.03615689999999816,
                                                            "count": 4,
                                                            "is_parallel": true,
                                                            "self": 8.17000000026269e-05,
                                                            "children": {
                                                                "_observation_to_np_array": {
                                                                    "total": 0.03607519999999553,
                                                                    "count": 2,
                                                                    "is_parallel": true,
                                                                    "self": 4.989999999338579e-05,
                                                                    "children": {
                                                                        "process_pixels": {
                                                                            "total": 0.03602530000000215,
                                                                            "count": 2,
                                                                            "is_parallel": true,
                                                                            "self": 0.0003621000000002539,
                                                                            "children": {
                                                                                "image_decompress": {
                                                                                    "total": 0.03566320000000189,
                                                                                    "count": 2,
                                                                                    "is_parallel": true,
                                                                                    "self": 0.03566320000000189
                                                                                }
                                                                            }
                                                                        }
                                                                    }
                                                                }
                                                            }
                                                        }
                                                    }
                                                },
                                                "UnityEnvironment.step": {
                                                    "total": 40.71502049999986,
                                                    "count": 3363,
                                                    "is_parallel": true,
                                                    "self": 0.23701409999922163,
                                                    "children": {
                                                        "UnityEnvironment._generate_step_input": {
                                                            "total": 0.2258770000004695,
                                                            "count": 3363,
                                                            "is_parallel": true,
                                                            "self": 0.2258770000004695
                                                        },
                                                        "communicator.exchange": {
                                                            "total": 38.796676000000176,
                                                            "count": 3363,
                                                            "is_parallel": true,