{
    "name": "root",
    "gauges": {
        "Strategy.Policy.Entropy.mean": {
            "value": 1.379088044166565,
            "min": 1.3789318799972534,
            "max": 1.3862931728363037,
            "count": 4
        },
        "Strategy.Policy.Entropy.sum": {
            "value": 6553.42626953125,
            "min": 6553.42626953125,
            "max": 7186.5439453125,
            "count": 4
        },
        "Strategy.Step.mean": {
            "value": 19984.0,
            "min": 4992.0,
            "max": 19984.0,
            "count": 4
        },
        "Strategy.Step.sum": {
            "value": 19984.0,
            "min": 4992.0,
            "max": 19984.0,
            "count": 4
        },
        "Strategy.Policy.ExtrinsicValueEstimate.mean": {
            "value": -0.28540629148483276,
            "min": -0.28540629148483276,
            "max": 0.04989054426550865,
            "count": 4
        },
        "Strategy.Policy.ExtrinsicValueEstimate.sum": {
            "value": -24.25953483581543,
            "min": -24.25953483581543,
            "max": 3.8914623260498047,
            "count": 4
        },
        "Strategy.IsTraining.mean": {
            "value": 1.0,
            "min": 1.0,
            "max": 1.0,
            "count": 4
        },
        "Strategy.IsTraining.sum": {
            "value": 1.0,
            "min": 1.0,
            "max": 1.0,
            "count": 4
        },
        "Strategy.Losses.PolicyLoss.mean": {
            "value": 0.023926698385427395,
            "min": 0.023926698385427395,
            "max": 0.023926698385427395,
            "count": 1
        },
        "Strategy.Losses.PolicyLoss.sum": {
            "value": 0.023926698385427395,
            "min": 0.023926698385427395,
            "max": 0.023926698385427395,
            "count": 1
        },
        "Strategy.Losses.ValueLoss.mean": {
            "value": 0.043434604909271,
            "min": 0.043434604909271,
            "max": 0.043434604909271,
            "count": 1
        },
        "Strategy.Losses.ValueLoss.sum": {
            "value": 0.043434604909271,
            "min": 0.043434604909271,
            "max": 0.043434604909271,
            "count": 1
        },
        "Strategy.Policy.LearningRate.mean": {
            "value": 0.0029968896001036794,
            "min": 0.0029968896001036794,
            "max": 0.0029968896001036794,
            "count": 1
        },
        "Strategy.Policy.LearningRate.sum": {
            "value": 0.0029968896001036794,
            "min": 0.0029968896001036794,
            "max": 0.0029968896001036794,
            "count": 1
        },
        "Strategy.Policy.Epsilon.mean": {
            "value": 0.19989631999999996,
            "min": 0.19989631999999996,
            "max": 0.19989631999999996,
            "count": 1
        },
        "Strategy.Policy.Epsilon.sum": {
            "value": 0.19989631999999996,
            "min": 0.19989631999999996,
            "max": 0.19989631999999996,
            "count": 1
        },
        "Strategy.Policy.Beta.mean": {
            "value": 0.004994826368,
            "min": 0.004994826368,
            "max": 0.004994826368,
            "count": 1
        },
        "Strategy.Policy.Beta.sum": {
            "value": 0.004994826368,
            "min": 0.004994826368,
            "max": 0.004994826368,
            "count": 1
        },
        "Strategy.Environment.EpisodeLength.mean": {
            "value": 1999.0,
            "min": 1999.0,
            "max": 1999.0,
            "count": 1
        },
        "Strategy.Environment.EpisodeLength.sum": {
            "value": 17991.0,
            "min": 17991.0,
            "max": 17991.0,
            "count": 1
        },
        "Strategy.Environment.CumulativeReward.mean": {
            "value": -49.99999701976776,
            "min": -49.99999701976776,
            "max": -49.99999701976776,
            "count": 1
        },
        "Strategy.Environment.CumulativeReward.sum": {
            "value": -449.99997317790985,
            "min": -449.99997317790985,
            "max": -449.99997317790985,
            "count": 1
        },
        "Strategy.Policy.ExtrinsicReward.mean": {
            "value": -49.99999701976776,
            "min": -49.99999701976776,
            "max": -49.99999701976776,
            "count": 1
        },
        "Strategy.Policy.ExtrinsicReward.sum": {
            "value": -449.99997317790985,
            "min": -449.99997317790985,
            "max": -449.99997317790985,
            "count": 1
        }
    },
    "metadata": {
        "timer_format_version": "0.1.0",
        "start_time_seconds": "1669315768",
        "python_version": "3.7.9 (tags/v3.7.9:13c94747c7, Aug 17 2020, 18:58:18) [MSC v.1900 64 bit (AMD64)]",
        "command_line_arguments": "C:\\Projects\\UnityML_TestProject\\venv\\Scripts\\mlagents-learn Assets/config/Strategy_config.yaml --run-id=StrategyRTS --force",
        "mlagents_version": "0.28.0",
        "mlagents_envs_version": "0.28.0",
        "communication_protocol_version": "1.5.0",
        "pytorch_version": "1.13.0+cu117",
        "numpy_version": "1.21.6",
        "end_time_seconds": "1669315849"
    },
    "total": 81.036348,
    "count": 1,
    "self": 0.005381200000002195,
    "children": {
        "run_training.setup": {
            "total": 0.07126219999999983,
            "count": 1,
            "self": 0.07126219999999983
        },
        "TrainerController.start_learning": {
            "total": 80.9597046,
            "count": 1,
            "self": 0.052192899999823794,
            "children": {
                "TrainerController._reset_env": {
                    "total": 8.1916036,
                    "count": 1,
                    "self": 8.1916036
                },
                "TrainerController.advance": {
                    "total": 72.54559190000019,
                    "count": 2696,
                    "self": 0.056206100000082415,
                    "children": {
                        "env_step": {
                            "total": 62.22192960000011,
                            "count": 2696,
                            "self": 51.19416620000008,
                            "children": {
                                "SubprocessEnvManager._take_step": {
                                    "total": 10.983434200000001,
                                    "count": 2696,
                                    "self": 0.16087950000043705,
                                    "children": {
                                        "TorchPolicy.evaluate": {
                                            "total": 10.822554699999564,
                                            "count": 2696,
                                            "self": 4.447269999999323,
                                            "children": {
                                                "TorchPolicy.sample_actions": {
                                                    "total": 6.3752847000002415,
                                                    "count": 2696,
                                                    "self": 6.3752847000002415
                                                }
                                            }
                                        }
                                    }
                                },
                                "workers": {
                                    "total": 0.04432920000002838,
                                    "count": 2695,
                                    "self": 0.0,
                                    "children": {
                                        "worker_root": {
                                            "total": 74.09074679999993,
                                            "count": 2695,
                                            "is_parallel": true,
                                            "self": 26.71123859999959,