{
    "name": "root",
    "gauges": {
        "Strategy.Policy.Entropy.mean": {
            "value": 1.598000407218933,
            "min": 1.598000407218933,
            "max": 1.6094187498092651,
            "count": 4
        },
        "Strategy.Policy.Entropy.sum": {
            "value": 7942.06201171875,
            "min": 7942.06201171875,
            "max": 8130.783203125,
            "count": 4
        },
        "Strategy.Environment.EpisodeLength.mean": {
            "value": 31.91390728476821,
            "min": 23.45098039215686,
            "max": 31.91390728476821,
            "count": 4
        },
        "Strategy.Environment.EpisodeLength.sum": {
            "value": 4819.0,
            "min": 4784.0,
            "max": 4874.0,
            "count": 4
        },
        "Strategy.Step.mean": {
            "value": 19987.0,
            "min": 4988.0,
            "max": 19987.0,
            "count": 4
        },
        "Strategy.Step.sum": {
            "value": 19987.0,
            "min": 4988.0,
            "max": 19987.0,
            "count": 4
        },
        "Strategy.Policy.ExtrinsicValueEstimate.mean": {
            "value": 3.6738803386688232,
            "min": 0.028409279882907867,
            "max": 3.6738803386688232,
            "count": 4
        },
        "Strategy.Policy.ExtrinsicValueEstimate.sum": {
            "value": 609.8641357421875,
            "min": 5.539809703826904,
            "max": 609.8641357421875,
            "count": 4
        },
        "Strategy.Environment.CumulativeReward.mean": {
            "value": 15.675496688741722,
            "min": 10.365196078431373,
            "max": 15.675496688741722,
            "count": 4
        },
        "Strategy.Environment.CumulativeReward.sum": {
            "value": 2367.0,
            "min": 1963.5,
            "max": 2367.0,
            "count": 4
        },
        "Strategy.Policy.ExtrinsicReward.mean": {
            "value": 15.675496688741722,
            "min": 10.365196078431373,
            "max": 15.675496688741722,
            "count": 4
        },
        "Strategy.Policy.ExtrinsicReward.sum": {
            "value": 2367.0,
            "min": 1963.5,
            "max": 2367.0,
            "count": 4
        },
        "Strategy.IsTraining.mean": {
            "value": 1.0,
            "min": 1.0,
            "max": 1.0,
            "count": 4
        },
        "Strategy.IsTraining.sum": {
            "value": 1.0,
            "min": 1.0,
            "max": 1.0,
            "count": 4
        },
        "Strategy.Losses.PolicyLoss.mean": {
            "value": 0.029801377281546592,
            "min": 0.029801377281546592,
            "max": 0.029801377281546592,
            "count": 1
        },
        "Strategy.Losses.PolicyLoss.sum": {
            "value": 0.029801377281546592,
            "min": 0.029801377281546592,
            "max": 0.029801377281546592,
            "count": 1
        },
        "Strategy.Losses.ValueLoss.mean": {
            "value": 16.330673344930013,
            "min": 16.330673344930013,
            "max": 16.330673344930013,
            "count": 1
        },
        "Strategy.Losses.ValueLoss.sum": {
            "value": 16.330673344930013,
            "min": 16.330673344930013,
            "max": 16.330673344930013,
            "count": 1
        },
        "Strategy.Policy.LearningRate.mean": {
            "value": 0.00299692680010244,
            "min": 0.00299692680010244,
            "max": 0.00299692680010244,
            "count": 1
        },
        "Strategy.Policy.LearningRate.sum": {
            "value": 0.00299692680010244,
            "min": 0.00299692680010244,
            "max": 0.00299692680010244,
            "count": 1
        },
        "Strategy.Policy.Epsilon.mean": {
            "value": 0.19989756000000003,
            "min": 0.19989756000000003,
            "max": 0.19989756000000003,
            "count": 1
        },
        "Strategy.Policy.Epsilon.sum": {
            "value": 0.19989756000000003,
            "min": 0.19989756000000003,
            "max": 0.19989756000000003,
            "count": 1
        },
        "Strategy.Policy.Beta.mean": {
            "value": 0.004994888243999999,
            "min": 0.004994888243999999,
            "max": 0.004994888243999999,
            "count": 1
        },
        "Strategy.Policy.Beta.sum": {
            "value": 0.004994888243999999,
            "min": 0.004994888243999999,
            "max": 0.004994888243999999,
            "count": 1
        }
    },
    "metadata": {
        "timer_format_version": "0.1.0",
        "start_time_seconds": "1670607114",
        "python_version": "3.7.9 (tags/v3.7.9:13c94747c7, Aug 17 2020, 18:58:18) [MSC v.1900 64 bit (AMD64)]",
        "command_line_arguments": "C:\\Projects\\UnityML_TestProject\\venv\\Scripts\\mlagents-learn Assets/config/Strategy_config.yaml --run-id=StrategyRTS --force",
        "mlagents_version": "0.28.0",
        "mlagents_envs_version": "0.28.0",
        "communication_protocol_version": "1.5.0",
        "pytorch_version": "1.13.0+cu117",
        "numpy_version": "1.21.6",
        "end_time_seconds": "1670607469"
    },
    "total": 354.7659793,
    "count": 1,
    "self": 0.004967000000021926,
    "children": {
        "run_training.setup": {
            "total": 0.07697799999999999,
            "count": 1,
            "self": 0.07697799999999999
        },
        "TrainerController.start_learning": {
            "total": 354.6840343,
            "count": 1,
            "self": 0.4078548999984264,
            "children": {
                "TrainerController._reset_env": {
                    "total": 19.7379773,
                    "count": 1,
                    "self": 19.7379773
                },
                "TrainerController.advance": {
                    "total": 334.28501190000156,
                    "count": 22004,
                    "self": 0.426494599999387,
                    "children": {
                        "env_step": {
                            "total": 324.43256170000075,
                            "count": 22004,
                            "self": 241.15276580000148,
                            "children": {
                                "SubprocessEnvManager._take_step": {
                                    "total": 82.94739279999787,
                                    "count": 22004,
                                    "self": 1.2020436999987396,
                                    "children": {
                                        "TorchPolicy.evaluate": {
                                            "total": 81.74534909999913,
                                            "count": 21996,
                                            "self": 34.255888099997954,
                                            "children": {
                                                "TorchPolicy.sample_actions": {
                                                    "total": 47.48946100000118,
                                                    "count": 21996,
                                                    "self": 47.48946100000118
                                                }
                                            }
                                        }
                                    }
                                },
                                "workers": {
                                    "total": 0.3324031000013825,
                                    "count": 22003,
                                    "self": 0.0,
                                    "children": {
                                        "worker_root": {
                                            "total": 212.7834336000025,
                                            "count": 22003,
                                            "is_parallel": true,
                                            "self": 113.25411250000452,