{
    "name": "root",
    "gauges": {
        "Strategy.Policy.Entropy.mean": {
            "value": 1.320688009262085,
            "min": 1.3105300664901733,
            "max": 1.4189385175704956,
            "count": 69
        },
        "Strategy.Policy.Entropy.sum": {
            "value": 6561.177734375,
            "min": 6480.8193359375,
            "max": 7355.77734375,
            "count": 69
        },
        "Strategy.Environment.EpisodeLength.mean": {
            "value": 1509.6666666666667,
            "min": 18.35907335907336,
            "max": 7123.0,
            "count": 63
        },
        "Strategy.Environment.EpisodeLength.sum": {
            "value": 4529.0,
            "min": 177.0,
            "max": 20223.0,
            "count": 63
        },
        "Strategy.Step.mean": {
            "value": 344936.0,
            "min": 4994.0,
            "max": 344936.0,
            "count": 69
        },
        "Strategy.Step.sum": {
            "value": 344936.0,
            "min": 4994.0,
            "max": 344936.0,
            "count": 69
        },
        "Strategy.Policy.ExtrinsicValueEstimate.mean": {
            "value": 0.029965480789542198,
            "min": -1.1706384420394897,
            "max": 1.078201174736023,
            "count": 69
        },
        "Strategy.Policy.ExtrinsicValueEstimate.sum": {
            "value": 2.3373074531555176,
            "min": -93.65107727050781,
            "max": 84.09969329833984,
            "count": 69
        },
        "Strategy.Environment.CumulativeReward.mean": {
            "value": -2.0444444542129836,
            "min": -58.639988374710086,
            "max": 1.5000000596046448,
            "count": 63
        },
        "Strategy.Environment.CumulativeReward.sum": {
            "value": -6.13333336263895,
            "min": -503.2999768257141,
            "max": 1.5000000596046448,
            "count": 63
        },
        "Strategy.Policy.ExtrinsicReward.mean": {
            "value": -2.0444444542129836,
            "min": -58.639988374710086,
            "max": 1.5000000596046448,
            "count": 63
        },
        "Strategy.Policy.ExtrinsicReward.sum": {
            "value": -6.13333336263895,
            "min": -503.2999768257141,
            "max": 1.5000000596046448,
            "count": 63
        },
        "Strategy.IsTraining.mean": {
            "value": 1.0,
            "min": 1.0,
            "max": 1.0,
            "count": 69
        },
        "Strategy.IsTraining.sum": {
            "value": 1.0,
            "min": 1.0,
            "max": 1.0,
            "count": 69
        },
        "Strategy.Losses.PolicyLoss.mean": {
            "value": 0.02429318066375951,
            "min": 0.012946442305110394,
            "max": 0.03159404167284568,
            "count": 33
        },
        "Strategy.Losses.PolicyLoss.sum": {
            "value": 0.02429318066375951,
            "min": 0.012946442305110394,
            "max": 0.03159404167284568,
            "count": 33
        },
        "Strategy.Losses.ValueLoss.mean": {
            "value": 0.001899906985151271,
            "min": 0.0015077278289633493,
            "max": 0.1252480963865916,
            "count": 33
        },
        "Strategy.Losses.ValueLoss.sum": {
            "value": 0.001899906985151271,
            "min": 0.0015077278289633493,
            "max": 0.1252480963865916,
            "count": 33
        },
        "Strategy.Policy.LearningRate.mean": {
            "value": 0.0028983048033898407,
            "min": 0.0028983048033898407,
            "max": 0.002996925300102491,
            "count": 33
        },
        "Strategy.Policy.LearningRate.sum": {
            "value": 0.0028983048033898407,
            "min": 0.0028983048033898407,
            "max": 0.002996925300102491,
            "count": 33
        },
        "Strategy.Policy.Epsilon.mean": {
            "value": 0.19661015999999995,
            "min": 0.19661015999999995,
            "max": 0.19989750999999992,
            "count": 33
        },
        "Strategy.Policy.Epsilon.sum": {
            "value": 0.19661015999999995,
            "min": 0.19661015999999995,
            "max": 0.19989750999999992,
            "count": 33
        },
        "Strategy.Policy.Beta.mean": {
            "value": 0.004830846984,
            "min": 0.004830846984,
            "max": 0.004994885749000001,
            "count": 33
        },
        "Strategy.Policy.Beta.sum": {
            "value": 0.004830846984,
            "min": 0.004830846984,
            "max": 0.004994885749000001,
            "count": 33
        }
    },
    "metadata": {
        "timer_format_version": "0.1.0",
        "start_time_seconds": "1669759351",
        "python_version": "3.7.9 (tags/v3.7.9:13c94747c7, Aug 17 2020, 18:58:18) [MSC v.1900 64 bit (AMD64)]",
        "command_line_arguments": "C:\\Projects\\UnityML_TestProject\\venv\\Scripts\\mlagents-learn Assets/config/Strategy_config.yaml --run-id=StrategyRTS --force",
        "mlagents_version": "0.28.0",
        "mlagents_envs_version": "0.28.0",
        "communication_protocol_version": "1.5.0",
        "pytorch_version": "1.13.0+cu117",
        "numpy_version": "1.21.6",
        "end_time_seconds": "1669794989"
    },
    "total": 35638.249151899996,
    "count": 1,
    "self": 0.007084500000928529,
    "children": {
        "run_training.setup": {
            "total": 0.07053030000000016,
            "count": 1,
            "self": 0.07053030000000016
        },
        "TrainerController.start_learning": {
            "total": 35638.171537099995,
            "count": 1,
            "self": 1.699539999885019,
            "children": {
                "TrainerController._reset_env": {
                    "total": 6.2170919,
                    "count": 1,
                    "self": 6.2170919
                },
                "TrainerController.advance": {
                    "total": 35629.92212550011,
                    "count": 87669,
                    "self": 1.8865629003339563,
                    "children": {
                        "env_step": {
                            "total": 35478.91053739983,
                            "count": 87669,
                            "self": 35163.51572529967,
                            "children": {
                                "SubprocessEnvManager._take_step": {
                                    "total": 313.7951809000438,
                                    "count": 87672,
                                    "self": 5.93632390000937,
                                    "children": {
                                        "TorchPolicy.evaluate": {
                                            "total": 307.85885700003445,
                                            "count": 87076,
                                            "self": 184.0491722001982,
                                            "children": {
                                                "TorchPolicy.sample_actions": {
                                                    "total": 123.80968479983625,
                                                    "count": 87076,
                                                    "self": 123.80968479983625
                                                }
                                            }
                                        }
                                    }
                                },
                                "workers": {
                                    "total": 1.5996312001123005,
                                    "count": 87668,
                                    "self": 0.0,
                                    "children": {
                                        "worker_root": {
                                            "total": 35585.668620900076,
                                            "count": 87668,
                                            "is_parallel": true,