{
    "name": "root",
    "metadata": {
        "timer_format_version": "0.1.0",
        "start_time_seconds": "1669910669",
        "python_version": "3.7.9 (tags/v3.7.9:13c94747c7, Aug 17 2020, 18:58:18) [MSC v.1900 64 bit (AMD64)]",
        "command_line_arguments": "C:\\Projects\\UnityML_TestProject\\venv\\Scripts\\mlagents-learn Assets/config/Strategy_config.yaml --run-id=StrategyRTS --force",
        "mlagents_version": "0.28.0",
        "mlagents_envs_version": "0.28.0",
        "communication_protocol_version": "1.5.0",
        "pytorch_version": "1.13.0+cu117",
        "numpy_version": "1.21.6",
        "end_time_seconds": "1669910678"
    },
    "total": 8.951521099999999,
    "count": 1,
    "self": 0.008517299999999395,
    "children": {
        "run_training.setup": {
            "total": 0.07423570000000002,
            "count": 1,
            "self": 0.07423570000000002
        },
        "TrainerController.start_learning": {
            "total": 8.8687681,
            "count": 1,
            "self": 0.00011580000000321888,
            "children": {
                "TrainerController._reset_env": {
                    "total": 7.301671899999999,
                    "count": 1,
                    "self": 7.301671899999999
                },
                "TrainerController.advance": {
                    "total": 1.510531199999999,
                    "count": 1,
                    "self": 6.699999998360795e-06,
                    "children": {
                        "env_step": {
                            "total": 1.5105245000000007,
                            "count": 1,
                            "self": 9.250000000093905e-05,
                            "children": {
                                "SubprocessEnvManager._take_step": {
                                    "total": 1.5104319999999998,
                                    "count": 1,
                                    "self": 2.1600000000177033e-05,
                                    "children": {
                                        "TorchPolicy.evaluate": {
                                            "total": 1.5104103999999996,
                                            "count": 1,
                                            "self": 0.0001926999999994905,
                                            "children": {
                                                "TorchPolicy.sample_actions": {
                                                    "total": 1.5102177,
                                                    "count": 1,
                                                    "self": 1.5102177
                                                }
                                            }
                                        }
                                    }
                                }
                            }
                        }
                    }
                },
                "TrainerController._save_models": {
                    "total": 0.05644919999999942,
                    "count": 1,
                    "self": 0.0015938000000002006,
                    "children": {
                        "RLTrainer._checkpoint": {
                            "total": 0.05485539999999922,
                            "count": 1,
                            "self": 0.05485539999999922
                        }
                    }
                }
            }
        }
    }
}