{
    "name": "root",
    "gauges": {
        "Strategy.Policy.Entropy.mean": {
            "value": 1.2014379501342773,
            "min": 1.1564080715179443,
            "max": 1.2585374116897583,
            "count": 58
        },
        "Strategy.Policy.Entropy.sum": {
            "value": 6057.650390625,
            "min": 5076.93994140625,
            "max": 6312.427734375,
            "count": 58
        },
        "Strategy.Environment.EpisodeLength.mean": {
            "value": 62.822784810126585,
            "min": 49.78350515463917,
            "max": 67.95833333333333,
            "count": 58
        },
        "Strategy.Environment.EpisodeLength.sum": {
            "value": 4963.0,
            "min": 3893.0,
            "max": 5004.0,
            "count": 58
        },
        "Strategy.Step.mean": {
            "value": 359992.0,
            "min": 74973.0,
            "max": 359992.0,
            "count": 58
        },
        "Strategy.Step.sum": {
            "value": 359992.0,
            "min": 74973.0,
            "max": 359992.0,
            "count": 58
        },
        "Strategy.Policy.ExtrinsicValueEstimate.mean": {
            "value": 12.124180793762207,
            "min": 9.724167823791504,
            "max": 12.255149841308594,
            "count": 58
        },
        "Strategy.Policy.ExtrinsicValueEstimate.sum": {
            "value": 1418.5291748046875,
            "min": 972.416748046875,
            "max": 1480.43603515625,
            "count": 58
        },
        "Strategy.Environment.CumulativeReward.mean": {
            "value": 18.436708860759495,
            "min": 16.257978723404257,
            "max": 20.643835616438356,
            "count": 58
        },
        "Strategy.Environment.CumulativeReward.sum": {
            "value": 1456.5,
            "min": 1338.25,
            "max": 1741.75,
            "count": 58
        },
        "Strategy.Policy.ExtrinsicReward.mean": {
            "value": 18.436708860759495,
            "min": 16.257978723404257,
            "max": 20.643835616438356,
            "count": 58
        },
        "Strategy.Policy.ExtrinsicReward.sum": {
            "value": 1456.5,
            "min": 1338.25,
            "max": 1741.75,
            "count": 58
        },
        "Strategy.IsTraining.mean": {
            "value": 1.0,
            "min": 1.0,
            "max": 1.0,
            "count": 58
        },
        "Strategy.IsTraining.sum": {
            "value": 1.0,
            "min": 1.0,
            "max": 1.0,
            "count": 58
        },
        "Strategy.Losses.PolicyLoss.mean": {
            "value": 0.024718764688198766,
            "min": 0.014461827200526993,
            "max": 0.03390183428612848,
            "count": 28
        },
        "Strategy.Losses.PolicyLoss.sum": {
            "value": 0.024718764688198766,
            "min": 0.014461827200526993,
            "max": 0.03390183428612848,
            "count": 28
        },
        "Strategy.Losses.ValueLoss.mean": {
            "value": 30.639106114705402,
            "min": 22.281220944722495,
            "max": 31.437266858418784,
            "count": 28
        },
        "Strategy.Losses.ValueLoss.sum": {
            "value": 30.639106114705402,
            "min": 22.281220944722495,
            "max": 31.437266858418784,
            "count": 28
        },
        "Strategy.Policy.LearningRate.mean": {
            "value": 0.0028924440035851995,
            "min": 0.0028924440035851995,
            "max": 0.002975624700812511,
            "count": 28
        },
        "Strategy.Policy.LearningRate.sum": {
            "value": 0.0028924440035851995,
            "min": 0.0028924440035851995,
            "max": 0.002975624700812511,
            "count": 28
        },
        "Strategy.Policy.Epsilon.mean": {
            "value": 0.19641480000000006,
            "min": 0.19641480000000006,
            "max": 0.19918749,
            "count": 28
        },
        "Strategy.Policy.Epsilon.sum": {
            "value": 0.19641480000000006,
            "min": 0.19641480000000006,
            "max": 0.19918749,
            "count": 28
        },
        "Strategy.Policy.Beta.mean": {
            "value": 0.004821098520000001,
            "min": 0.004821098520000001,
            "max": 0.004959455750999999,
            "count": 28
        },
        "Strategy.Policy.Beta.sum": {
            "value": 0.004821098520000001,
            "min": 0.004821098520000001,
            "max": 0.004959455750999999,
            "count": 28
        }
    },
    "metadata": {
        "timer_format_version": "0.1.0",
        "start_time_seconds": "1670850082",
        "python_version": "3.7.9 (tags/v3.7.9:13c94747c7, Aug 17 2020, 18:58:18) [MSC v.1900 64 bit (AMD64)]",
        "command_line_arguments": "C:\\Projects\\UnityML_TestProject\\venv\\Scripts\\mlagents-learn Assets/config/Strategy_config.yaml --run-id=StrategyRTS --resume",
        "mlagents_version": "0.28.0",
        "mlagents_envs_version": "0.28.0",
        "communication_protocol_version": "1.5.0",
        "pytorch_version": "1.13.0+cu117",
        "numpy_version": "1.21.6",
        "end_time_seconds": "1670852291"
    },
    "total": 2208.7354784,
    "count": 1,
    "self": 10.005822999999964,
    "children": {
        "run_training.setup": {
            "total": 0.0776342000000001,
            "count": 1,
            "self": 0.0776342000000001
        },
        "TrainerController.start_learning": {
            "total": 2198.6520212,
            "count": 1,
            "self": 5.566503300020486,
            "children": {
                "TrainerController._reset_env": {
                    "total": 21.7582849,
                    "count": 1,
                    "self": 21.7582849
                },
                "TrainerController.advance": {
                    "total": 2171.151946199979,
                    "count": 291779,
                    "self": 6.179753399823767,
                    "children": {
                        "env_step": {
                            "total": 2052.8020585000977,
                            "count": 291779,
                            "self": 964.5289482001226,
                            "children": {
                                "SubprocessEnvManager._take_step": {
                                    "total": 1083.4824879999583,
                                    "count": 291779,
                                    "self": 18.180757699896503,
                                    "children": {
                                        "TorchPolicy.evaluate": {
                                            "total": 1065.3017303000618,
                                            "count": 291769,
                                            "self": 465.4860067001405,
                                            "children": {
                                                "TorchPolicy.sample_actions": {
                                                    "total": 599.8157235999213,
                                                    "count": 291769,
                                                    "self": 599.8157235999213
                                                }
                                            }
                                        }
                                    }
                                },
                                "workers": {
                                    "total": 4.79062230001686,
                                    "count": 291778,
                                    "self": 0.0,
                                    "children": {
                                        "worker_root": {
                                            "total": 2163.9427007000545,
                                            "count": 291778,
                                            "is_parallel": true,
                                            "self": 1469.1007885000906,