{
    "name": "root",
    "gauges": {
        "Strategy.Policy.Entropy.mean": {
            "value": 1.4043983221054077,
            "min": 1.4043983221054077,
            "max": 1.418938398361206,
            "count": 5
        },
        "Strategy.Policy.Entropy.sum": {
            "value": 14156.3349609375,
            "min": 13725.75,
            "max": 14711.552734375,
            "count": 5
        },
        "Strategy.Environment.EpisodeLength.mean": {
            "value": 1999.0,
            "min": 0.0,
            "max": 1999.0,
            "count": 5
        },
        "Strategy.Environment.EpisodeLength.sum": {
            "value": 11994.0,
            "min": 0.0,
            "max": 11994.0,
            "count": 5
        },
        "Strategy.Step.mean": {
            "value": 49985.0,
            "min": 9985.0,
            "max": 49985.0,
            "count": 5
        },
        "Strategy.Step.sum": {
            "value": 49985.0,
            "min": 9985.0,
            "max": 49985.0,
            "count": 5
        },
        "Strategy.Policy.ExtrinsicValueEstimate.mean": {
            "value": -1.0338232517242432,
            "min": -1.0338232517242432,
            "max": -0.03985573351383209,
            "count": 5
        },
        "Strategy.Policy.ExtrinsicValueEstimate.sum": {
            "value": -166.44554138183594,
            "min": -166.44554138183594,
            "max": -6.257350444793701,
            "count": 5
        },
        "Strategy.Environment.CumulativeReward.mean": {
            "value": -49.99749702215195,
            "min": -49.99749702215195,
            "max": 1.0,
            "count": 5
        },
        "Strategy.Environment.CumulativeReward.sum": {
            "value": -299.9849821329117,
            "min": -299.9849821329117,
            "max": 1.0,
            "count": 5
        },
        "Strategy.Policy.ExtrinsicReward.mean": {
            "value": -49.99749702215195,
            "min": -49.99749702215195,
            "max": 1.0,
            "count": 5
        },
        "Strategy.Policy.ExtrinsicReward.sum": {
            "value": -299.9849821329117,
            "min": -299.9849821329117,
            "max": 1.0,
            "count": 5
        },
        "Strategy.IsTraining.mean": {
            "value": 1.0,
            "min": 1.0,
            "max": 1.0,
            "count": 5
        },
        "Strategy.IsTraining.sum": {
            "value": 1.0,
            "min": 1.0,
            "max": 1.0,
            "count": 5
        },
        "Strategy.Losses.PolicyLoss.mean": {
            "value": 0.0255035271247228,
            "min": 0.02038880451582372,
            "max": 0.02658078367821872,
            "count": 4
        },
        "Strategy.Losses.PolicyLoss.sum": {
            "value": 0.0255035271247228,
            "min": 0.02038880451582372,
            "max": 0.02658078367821872,
            "count": 4
        },
        "Strategy.Losses.ValueLoss.mean": {
            "value": 0.00918061900883913,
            "min": 0.00918061900883913,
            "max": 0.01637929423401753,
            "count": 4
        },
        "Strategy.Losses.ValueLoss.sum": {
            "value": 0.00918061900883913,
            "min": 0.00918061900883913,
            "max": 0.01637929423401753,
            "count": 4
        },
        "Strategy.Policy.LearningRate.mean": {
            "value": 0.0029874909004169708,
            "min": 0.0029874909004169708,
            "max": 0.0029969085001030496,
            "count": 4
        },
        "Strategy.Policy.LearningRate.sum": {
            "value": 0.0029874909004169708,
            "min": 0.0029874909004169708,
            "max": 0.0029969085001030496,
            "count": 4
        },
        "Strategy.Policy.Epsilon.mean": {
            "value": 0.19958303000000005,
            "min": 0.19958303000000005,
            "max": 0.19989695000000005,
            "count": 4
        },
        "Strategy.Policy.Epsilon.sum": {
            "value": 0.19958303000000005,
            "min": 0.19958303000000005,
            "max": 0.19989695000000005,
            "count": 4
        },
        "Strategy.Policy.Beta.mean": {
            "value": 0.004979193196999998,
            "min": 0.004979193196999998,
            "max": 0.004994857805000001,
            "count": 4
        },
        "Strategy.Policy.Beta.sum": {
            "value": 0.004979193196999998,
            "min": 0.004979193196999998,
            "max": 0.004994857805000001,
            "count": 4
        }
    },
    "metadata": {
        "timer_format_version": "0.1.0",
        "start_time_seconds": "1668716110",
        "python_version": "3.7.9 (tags/v3.7.9:13c94747c7, Aug 17 2020, 18:58:18) [MSC v.1900 64 bit (AMD64)]",
        "command_line_arguments": "C:\\Projects\\UnityML_TestProject\\venv\\Scripts\\mlagents-learn Assets/config/Strategy_config.yaml --run-id=StrategyRTS --force",
        "mlagents_version": "0.28.0",
        "mlagents_envs_version": "0.28.0",
        "communication_protocol_version": "1.5.0",
        "pytorch_version": "1.13.0+cu117",
        "numpy_version": "1.21.6",
        "end_time_seconds": "1668716388"
    },
    "total": 278.019877,
    "count": 1,
    "self": 0.006585200000017721,
    "children": {
        "run_training.setup": {
            "total": 0.11309980000000008,
            "count": 1,
            "self": 0.11309980000000008
        },
        "TrainerController.start_learning": {
            "total": 277.900192,
            "count": 1,
            "self": 0.19950499999976046,
            "children": {
                "TrainerController._reset_env": {
                    "total": 7.858397,
                    "count": 1,
                    "self": 7.858397
                },
                "TrainerController.advance": {
                    "total": 269.6235476000002,
                    "count": 9956,
                    "self": 0.21309760000042388,
                    "children": {
                        "env_step": {
                            "total": 244.80420119999997,
                            "count": 9956,
                            "self": 214.7718428000023,
                            "children": {
                                "SubprocessEnvManager._take_step": {
                                    "total": 29.858778599999013,
                                    "count": 9956,
                                    "self": 0.6584541999982925,
                                    "children": {
                                        "TorchPolicy.evaluate": {
                                            "total": 29.20032440000072,
                                            "count": 9951,
                                            "self": 14.575514199999928,
                                            "children": {
                                                "TorchPolicy.sample_actions": {
                                                    "total": 14.624810200000793,
                                                    "count": 9951,
                                                    "self": 14.624810200000793
                                                }
                                            }
                                        }
                                    }
                                },
                                "workers": {
                                    "total": 0.17357979999863815,
                                    "count": 9955,
                                    "self": 0.0,
                                    "children": {
                                        "worker_root": {
                                            "total": 208.17488799999978,
                                            "count": 9955,
                                            "is_parallel": true,
                                            "self": 68.95794260000102,