{
    "name": "root",
    "gauges": {
        "Strategy.Policy.Entropy.mean": {
            "value": 0.051690034568309784,
            "min": 0.051690034568309784,
            "max": 1.3862932920455933,
            "count": 27
        },
        "Strategy.Policy.Entropy.sum": {
            "value": 516.693603515625,
            "min": 516.693603515625,
            "max": 13890.658203125,
            "count": 27
        },
        "Strategy.Environment.EpisodeLength.mean": {
            "value": 4.704675028506271,
            "min": 4.366219839142091,
            "max": 7.7231441048034934,
            "count": 27
        },
        "Strategy.Environment.EpisodeLength.sum": {
            "value": 8252.0,
            "min": 8143.0,
            "max": 8855.0,
            "count": 27
        },
        "Strategy.Step.mean": {
            "value": 269996.0,
            "min": 9986.0,
            "max": 269996.0,
            "count": 27
        },
        "Strategy.Step.sum": {
            "value": 269996.0,
            "min": 9986.0,
            "max": 269996.0,
            "count": 27
        },
        "Strategy.Policy.ExtrinsicValueEstimate.mean": {
            "value": -0.4418734312057495,
            "min": -1.358941674232483,
            "max": 0.02628754824399948,
            "count": 27
        },
        "Strategy.Policy.ExtrinsicValueEstimate.sum": {
            "value": -775.4878540039062,
            "min": -1664.7034912109375,
            "max": 33.8057861328125,
            "count": 27
        },
        "Strategy.Environment.CumulativeReward.mean": {
            "value": -0.7767806267806268,
            "min": -1.709175738724728,
            "max": -0.7101867105985722,
            "count": 27
        },
        "Strategy.Environment.CumulativeReward.sum": {
            "value": -1363.25,
            "min": -2198.0,
            "max": -1195.25,
            "count": 27
        },
        "Strategy.Policy.ExtrinsicReward.mean": {
            "value": -0.7767806267806268,
            "min": -1.709175738724728,
            "max": -0.7101867105985722,
            "count": 27
        },
        "Strategy.Policy.ExtrinsicReward.sum": {
            "value": -1363.25,
            "min": -2198.0,
            "max": -1195.25,
            "count": 27
        },
        "Strategy.IsTraining.mean": {
            "value": 1.0,
            "min": 1.0,
            "max": 1.0,
            "count": 27
        },
        "Strategy.IsTraining.sum": {
            "value": 1.0,
            "min": 1.0,
            "max": 1.0,
            "count": 27
        },
        "Strategy.Losses.PolicyLoss.mean": {
            "value": 0.02130698209318022,
            "min": 0.018444620833421747,
            "max": 0.03194055262720212,
            "count": 26
        },
        "Strategy.Losses.PolicyLoss.sum": {
            "value": 0.02130698209318022,
            "min": 0.018444620833421747,
            "max": 0.03194055262720212,
            "count": 26
        },
        "Strategy.Losses.ValueLoss.mean": {
            "value": 1.1499213496843974,
            "min": 0.19082015504439673,
            "max": 1.4799528876940409,
            "count": 26
        },
        "Strategy.Losses.ValueLoss.sum": {
            "value": 1.1499213496843974,
            "min": 0.19082015504439673,
            "max": 1.4799528876940409,
            "count": 26
        },
        "Strategy.Policy.LearningRate.mean": {
            "value": 0.002920032602665579,
            "min": 0.002920032602665579,
            "max": 0.00299692620010246,
            "count": 26
        },
        "Strategy.Policy.LearningRate.sum": {
            "value": 0.002920032602665579,
            "min": 0.002920032602665579,
            "max": 0.00299692620010246,
            "count": 26
        },
        "Strategy.Policy.Epsilon.mean": {
            "value": 0.19733441999999995,
            "min": 0.19733441999999995,
            "max": 0.19989754000000007,
            "count": 26
        },
        "Strategy.Policy.Epsilon.sum": {
            "value": 0.19733441999999995,
            "min": 0.19733441999999995,
            "max": 0.19989754000000007,
            "count": 26
        },
        "Strategy.Policy.Beta.mean": {
            "value": 0.004866987557999999,
            "min": 0.004866987557999999,
            "max": 0.004994887246,
            "count": 26
        },
        "Strategy.Policy.Beta.sum": {
            "value": 0.004866987557999999,
            "min": 0.004866987557999999,
            "max": 0.004994887246,
            "count": 26
        }
    },
    "metadata": {
        "timer_format_version": "0.1.0",
        "start_time_seconds": "1669048962",
        "python_version": "3.7.9 (tags/v3.7.9:13c94747c7, Aug 17 2020, 18:58:18) [MSC v.1900 64 bit (AMD64)]",
        "command_line_arguments": "C:\\Projects\\UnityML_TestProject\\venv\\Scripts\\mlagents-learn Assets/config/Strategy_config.yaml --run-id=StrategyRTS --force",
        "mlagents_version": "0.28.0",
        "mlagents_envs_version": "0.28.0",
        "communication_protocol_version": "1.5.0",
        "pytorch_version": "1.13.0+cu117",
        "numpy_version": "1.21.6",
        "end_time_seconds": "1669050246"
    },
    "total": 1284.2412520999999,
    "count": 1,
    "self": 10.007385599999907,
    "children": {
        "run_training.setup": {
            "total": 0.07285089999999994,
            "count": 1,
            "self": 0.07285089999999994
        },
        "TrainerController.start_learning": {
            "total": 1274.1610156,
            "count": 1,
            "self": 1.1121731000214368,
            "children": {
                "TrainerController._reset_env": {
                    "total": 8.0348893,
                    "count": 1,
                    "self": 8.0348893
                },
                "TrainerController.advance": {
                    "total": 1264.6133682999787,
                    "count": 45669,
                    "self": 1.1123978999930841,
                    "children": {
                        "env_step": {
                            "total": 1010.4073091000009,
                            "count": 45669,
                            "self": 836.1712730000048,
                            "children": {
                                "SubprocessEnvManager._take_step": {
                                    "total": 173.43502039999763,
                                    "count": 45669,
                                    "self": 3.201856400008097,
                                    "children": {
                                        "TorchPolicy.evaluate": {
                                            "total": 170.23316399998953,
                                            "count": 45669,
                                            "self": 69.44075959999142,
                                            "children": {
                                                "TorchPolicy.sample_actions": {
                                                    "total": 100.7924043999981,
                                                    "count": 45669,
                                                    "self": 100.7924043999981
                                                }
                                            }
                                        }
                                    }
                                },
                                "workers": {
                                    "total": 0.8010156999984712,
                                    "count": 45668,
                                    "self": 0.0,
                                    "children": {
                                        "worker_root": {
                                            "total": 1265.5416416000048,
                                            "count": 45668,
                                            "is_parallel": true,