{
    "name": "root",
    "metadata": {
        "timer_format_version": "0.1.0",
        "start_time_seconds": "1669057773",
        "python_version": "3.7.9 (tags/v3.7.9:13c94747c7, Aug 17 2020, 18:58:18) [MSC v.1900 64 bit (AMD64)]",
        "command_line_arguments": "C:\\Projects\\UnityML_TestProject\\venv\\Scripts\\mlagents-learn Assets/config/Strategy_config.yaml --run-id=StrategyRTS --force",
        "mlagents_version": "0.28.0",
        "mlagents_envs_version": "0.28.0",
        "communication_protocol_version": "1.5.0",
        "pytorch_version": "1.13.0+cu117",
        "numpy_version": "1.21.6",
        "end_time_seconds": "1669057865"
    },
    "total": 91.8692444,
    "count": 1,
    "self": 0.0051578000000063184,
    "children": {
        "run_training.setup": {
            "total": 0.07771890000000004,
            "count": 1,
            "self": 0.07771890000000004
        },
        "TrainerController.start_learning": {
            "total": 91.7863677,
            "count": 1,
            "self": 0.019663699999995288,
            "children": {
                "TrainerController._reset_env": {
                    "total": 9.7508946,
                    "count": 1,
                    "self": 9.7508946
                },
                "TrainerController.advance": {
                    "total": 81.85185340000001,
                    "count": 909,
                    "self": 0.018151899999992338,
                    "children": {
                        "env_step": {
                            "total": 79.12181940000002,
                            "count": 909,
                            "self": 75.38148910000002,
                            "children": {
                                "SubprocessEnvManager._take_step": {
                                    "total": 3.727369100000068,
                                    "count": 909,
                                    "self": 0.029547200000058282,
                                    "children": {
                                        "TorchPolicy.evaluate": {
                                            "total": 3.69782190000001,
                                            "count": 464,
                                            "self": 0.6301644000000213,
                                            "children": {
                                                "TorchPolicy.sample_actions": {
                                                    "total": 3.0676574999999886,
                                                    "count": 464,
                                                    "self": 3.0676574999999886
                                                }
                                            }
                                        }
                                    }
                                },
                                "workers": {
                                    "total": 0.012961199999933726,
                                    "count": 908,
                                    "self": 0.0,
                                    "children": {
                                        "worker_root": {
                                            "total": 21.219116100000065,
                                            "count": 908,
                                            "is_parallel": true,
                                            "self": 9.30966310000009,
                                            "children": {
                                                "steps_from_proto": {
                                                    "total": 0.017817999999999223,
                                                    "count": 1,
                                                    "is_parallel": true,
                                                    "self": 0.00030799999999953087,
                                                    "children": {
                                                        "_process_maybe_compressed_observation": {
                                                            "total": 0.017509999999999692,
                                                            "count": 2,
                                                            "is_parallel": true,
                                                            "self": 0.00024710000000016663,
                                                            "children": {
                                                                "_observation_to_np_array": {
                                                                    "total": 0.017262899999999526,
                                                                    "count": 9,
                                                                    "is_parallel": true,
                                                                    "self": 0.0001461000000002599,
                                                                    "children": {
                                                                        "process_pixels": {
                                                                            "total": 0.017116799999999266,
                                                                            "count": 9,
                                                                            "is_parallel": true,
                                                                            "self": 0.0006582000000001642,
                                                                            "children": {
                                                                                "image_decompress": {
                                                                                    "total": 0.0164585999999991,
                                                                                    "count": 9,
                                                                                    "is_parallel": true,
                                                                                    "self": 0.0164585999999991
                                                                                }
                                                                            }
                                                                        }
                                                                    }
                                                                }
                                                            }
                                                        }
                                                    }
                                                },
                                                "UnityEnvironment.step": {
                                                    "total": 11.891634999999974,
                                                    "count": 908,
                                                    "is_parallel": true,
                                                    "self": 0.08997289999991409,
                                                    "children": {
                                                        "UnityEnvironment._generate_step_input": {
                                                            "total": 0.08182610000004154,
                                                            "count": 908,
                                                            "is_parallel": true,
                                                            "self": 0.08182610000004154
                                                        },
                                                        "communicator.exchange": {
                                                            "total": 10.418353400000044,
                                                            "count": 908,
                                                            "is_parallel": true,