{
    "name": "root",
    "gauges": {
        "Strategy.Policy.Entropy.mean": {
            "value": 0.3913660943508148,
            "min": 0.3913660943508148,
            "max": 1.7916781902313232,
            "count": 69
        },
        "Strategy.Policy.Entropy.sum": {
            "value": 1958.39599609375,
            "min": 1958.39599609375,
            "max": 9449.310546875,
            "count": 69
        },
        "Strategy.Step.mean": {
            "value": 344992.0,
            "min": 4990.0,
            "max": 344992.0,
            "count": 69
        },
        "Strategy.Step.sum": {
            "value": 344992.0,
            "min": 4990.0,
            "max": 344992.0,
            "count": 69
        },
        "Strategy.Policy.ExtrinsicValueEstimate.mean": {
            "value": -1.0879840850830078,
            "min": -1.5794590711593628,
            "max": 0.6136957406997681,
            "count": 69
        },
        "Strategy.Policy.ExtrinsicValueEstimate.sum": {
            "value": -417.785888671875,
            "min": -417.785888671875,
            "max": 52.777835845947266,
            "count": 69
        },
        "Strategy.Environment.EpisodeLength.mean": {
            "value": 12.03116883116883,
            "min": 12.03116883116883,
            "max": 333.1764705882353,
            "count": 69
        },
        "Strategy.Environment.EpisodeLength.sum": {
            "value": 4632.0,
            "min": 3060.0,
            "max": 5664.0,
            "count": 69
        },
        "Strategy.Environment.CumulativeReward.mean": {
            "value": -1.3007812052965164,
            "min": -8.858823003137813,
            "max": -1.3007812052965164,
            "count": 69
        },
        "Strategy.Environment.CumulativeReward.sum": {
            "value": -499.4999828338623,
            "min": -499.4999828338623,
            "max": -82.49999511241913,
            "count": 69
        },
        "Strategy.Policy.ExtrinsicReward.mean": {
            "value": -1.3007812052965164,
            "min": -8.858823003137813,
            "max": -1.3007812052965164,
            "count": 69
        },
        "Strategy.Policy.ExtrinsicReward.sum": {
            "value": -499.4999828338623,
            "min": -499.4999828338623,
            "max": -82.49999511241913,
            "count": 69
        },
        "Strategy.IsTraining.mean": {
            "value": 1.0,
            "min": 1.0,
            "max": 1.0,
            "count": 69
        },
        "Strategy.IsTraining.sum": {
            "value": 1.0,
            "min": 1.0,
            "max": 1.0,
            "count": 69
        },
        "Strategy.Losses.PolicyLoss.mean": {
            "value": 0.0231062403259178,
            "min": 0.01904248884723832,
            "max": 0.04278587382286787,
            "count": 33
        },
        "Strategy.Losses.PolicyLoss.sum": {
            "value": 0.0231062403259178,
            "min": 0.01904248884723832,
            "max": 0.04278587382286787,
            "count": 33
        },
        "Strategy.Losses.ValueLoss.mean": {
            "value": 2.785515456101469e-05,
            "min": 2.785515456101469e-05,
            "max": 0.2412789793064197,
            "count": 33
        },
        "Strategy.Losses.ValueLoss.sum": {
            "value": 2.785515456101469e-05,
            "min": 2.785515456101469e-05,
            "max": 0.2412789793064197,
            "count": 33
        },
        "Strategy.Policy.LearningRate.mean": {
            "value": 0.0028983870033870997,
            "min": 0.0028983870033870997,
            "max": 0.00299692440010252,
            "count": 33
        },
        "Strategy.Policy.LearningRate.sum": {
            "value": 0.0028983870033870997,
            "min": 0.0028983870033870997,
            "max": 0.00299692440010252,
            "count": 33
        },
        "Strategy.Policy.Epsilon.mean": {
            "value": 0.19661289999999998,
            "min": 0.19661289999999998,
            "max": 0.19989748,
            "count": 33
        },
        "Strategy.Policy.Epsilon.sum": {
            "value": 0.19661289999999998,
            "min": 0.19661289999999998,
            "max": 0.19989748,
            "count": 33
        },
        "Strategy.Policy.Beta.mean": {
            "value": 0.004830983710000001,
            "min": 0.004830983710000001,
            "max": 0.004994884252000001,
            "count": 33
        },
        "Strategy.Policy.Beta.sum": {
            "value": 0.004830983710000001,
            "min": 0.004830983710000001,
            "max": 0.004994884252000001,
            "count": 33
        }
    },
    "metadata": {
        "timer_format_version": "0.1.0",
        "start_time_seconds": "1669238595",
        "python_version": "3.7.9 (tags/v3.7.9:13c94747c7, Aug 17 2020, 18:58:18) [MSC v.1900 64 bit (AMD64)]",
        "command_line_arguments": "C:\\Projects\\UnityML_TestProject\\venv\\Scripts\\mlagents-learn Assets/config/Strategy_config.yaml --run-id=StrategyRTS --force",
        "mlagents_version": "0.28.0",
        "mlagents_envs_version": "0.28.0",
        "communication_protocol_version": "1.5.0",
        "pytorch_version": "1.13.0+cu117",
        "numpy_version": "1.21.6",
        "end_time_seconds": "1669239792"
    },
    "total": 1196.7324159,
    "count": 1,
    "self": 0.005286999999952968,
    "children": {
        "run_training.setup": {
            "total": 0.0739535,
            "count": 1,
            "self": 0.0739535
        },
        "TrainerController.start_learning": {
            "total": 1196.6531754,
            "count": 1,
            "self": 0.9931346999974267,
            "children": {
                "TrainerController._reset_env": {
                    "total": 14.423867999999999,
                    "count": 1,
                    "self": 14.423867999999999
                },
                "TrainerController.advance": {
                    "total": 1181.0619576000026,
                    "count": 45409,
                    "self": 1.0223374999748103,
                    "children": {
                        "env_step": {
                            "total": 996.7934487000207,
                            "count": 45409,
                            "self": 847.8087928000286,
                            "children": {
                                "SubprocessEnvManager._take_step": {
                                    "total": 148.1342374000013,
                                    "count": 45410,
                                    "self": 2.538558100000529,
                                    "children": {
                                        "TorchPolicy.evaluate": {
                                            "total": 145.59567930000077,
                                            "count": 38898,
                                            "self": 65.23215900000758,
                                            "children": {
                                                "TorchPolicy.sample_actions": {
                                                    "total": 80.36352029999318,
                                                    "count": 38898,
                                                    "self": 80.36352029999318
                                                }
                                            }
                                        }
                                    }
                                },
                                "workers": {
                                    "total": 0.8504184999906954,
                                    "count": 45408,
                                    "self": 0.0,
                                    "children": {
                                        "worker_root": {
                                            "total": 1081.0466093000043,
                                            "count": 45408,
                                            "is_parallel": true,