{
    "name": "root",
    "metadata": {
        "timer_format_version": "0.1.0",
        "start_time_seconds": "1670523119",
        "python_version": "3.7.9 (tags/v3.7.9:13c94747c7, Aug 17 2020, 18:58:18) [MSC v.1900 64 bit (AMD64)]",
        "command_line_arguments": "C:\\Projects\\UnityML_TestProject\\venv\\Scripts\\mlagents-learn Assets/config/Strategy_config.yaml --run-id=StrategyRTS --force",
        "mlagents_version": "0.28.0",
        "mlagents_envs_version": "0.28.0",
        "communication_protocol_version": "1.5.0",
        "pytorch_version": "1.13.0+cu117",
        "numpy_version": "1.21.6",
        "end_time_seconds": "1670523228"
    },
    "total": 108.9127928,
    "count": 1,
    "self": 0.005960600000008753,
    "children": {
        "run_training.setup": {
            "total": 0.08231610000000011,
            "count": 1,
            "self": 0.08231610000000011
        },
        "TrainerController.start_learning": {
            "total": 108.8245161,
            "count": 1,
            "self": 0.01860570000000905,
            "children": {
                "TrainerController._reset_env": {
                    "total": 10.8031733,
                    "count": 1,
                    "self": 10.8031733
                },
                "TrainerController.advance": {
                    "total": 97.76375949999999,
                    "count": 1007,
                    "self": 0.018926800000002686,
                    "children": {
                        "env_step": {
                            "total": 97.52523660000004,
                            "count": 1007,
                            "self": 91.92601640000007,
                            "children": {
                                "SubprocessEnvManager._take_step": {
                                    "total": 5.585288399999982,
                                    "count": 1007,
                                    "self": 0.05339449999996049,
                                    "children": {
                                        "TorchPolicy.evaluate": {
                                            "total": 5.531893900000021,
                                            "count": 1000,
                                            "self": 0.8697712999999236,
                                            "children": {
                                                "TorchPolicy.sample_actions": {
                                                    "total": 4.662122600000098,
                                                    "count": 1000,
                                                    "self": 4.662122600000098
                                                }
                                            }
                                        }
                                    }
                                },
                                "workers": {
                                    "total": 0.013931799999992833,
                                    "count": 1006,
                                    "self": 0.0,
                                    "children": {
                                        "worker_root": {
                                            "total": 28.30067960000003,
                                            "count": 1006,
                                            "is_parallel": true,
                                            "self": 8.326493500000105,
                                            "children": {
                                                "steps_from_proto": {
                                                    "total": 0.012456500000000759,
                                                    "count": 1,
                                                    "is_parallel": true,
                                                    "self": 0.0002540000000017528,
                                                    "children": {
                                                        "_process_maybe_compressed_observation": {
                                                            "total": 0.012202499999999006,
                                                            "count": 2,
                                                            "is_parallel": true,
                                                            "self": 3.3300000000124896e-05,
                                                            "children": {
                                                                "_observation_to_np_array": {
                                                                    "total": 0.012169199999998881,
                                                                    "count": 1,
                                                                    "is_parallel": true,
                                                                    "self": 2.3299999998727117e-05,
                                                                    "children": {
                                                                        "process_pixels": {
                                                                            "total": 0.012145900000000154,
                                                                            "count": 1,
                                                                            "is_parallel": true,
                                                                            "self": 0.00013859999999965567,
                                                                            "children": {
                                                                                "image_decompress": {
                                                                                    "total": 0.012007300000000498,
                                                                                    "count": 1,
                                                                                    "is_parallel": true,
                                                                                    "self": 0.012007300000000498
                                                                                }
                                                                            }
                                                                        }
                                                                    }
                                                                }
                                                            }
                                                        }
                                                    }
                                                },
                                                "UnityEnvironment.step": {
                                                    "total": 19.961729599999927,
                                                    "count": 1006,
                                                    "is_parallel": true,
                                                    "self": 0.07022549999993544,
                                                    "children": {
                                                        "UnityEnvironment._generate_step_input": {
                                                            "total": 0.06473319999992988,
                                                            "count": 1006,
                                                            "is_parallel": true,
                                                            "self": 0.06473319999992988
                                                        },
                                                        "communicator.exchange": {
                                                            "total": 19.393724900000038,
                                                            "count": 1006,
                                                            "is_parallel": true,