{
    "name": "root",
    "gauges": {
        "Strategy.Policy.Entropy.mean": {
            "value": 1.293254017829895,
            "min": 1.2813581228256226,
            "max": 1.4398181438446045,
            "count": 37
        },
        "Strategy.Policy.Entropy.sum": {
            "value": 13004.962890625,
            "min": 12593.1875,
            "max": 14617.90234375,
            "count": 37
        },
        "Strategy.Step.mean": {
            "value": 369990.0,
            "min": 9976.0,
            "max": 369990.0,
            "count": 37
        },
        "Strategy.Step.sum": {
            "value": 369990.0,
            "min": 9976.0,
            "max": 369990.0,
            "count": 37
        },
        "Strategy.Policy.ExtrinsicValueEstimate.mean": {
            "value": -1.3853012323379517,
            "min": -1.5531322956085205,
            "max": 0.08446979522705078,
            "count": 37
        },
        "Strategy.Policy.ExtrinsicValueEstimate.sum": {
            "value": -602.6060180664062,
            "min": -675.612548828125,
            "max": 13.261757850646973,
            "count": 37
        },
        "Strategy.Environment.EpisodeLength.mean": {
            "value": 22.0,
            "min": 22.0,
            "max": 1999.0,
            "count": 35
        },
        "Strategy.Environment.EpisodeLength.sum": {
            "value": 9570.0,
            "min": 1999.0,
            "max": 20866.0,
            "count": 35
        },
        "Strategy.Environment.CumulativeReward.mean": {
            "value": -1.5499999523162842,
            "min": -52.96166395147642,
            "max": -1.5499999523162842,
            "count": 35
        },
        "Strategy.Environment.CumulativeReward.sum": {
            "value": -674.2499792575836,
            "min": -937.0999627113342,
            "max": -4.998000353574753,
            "count": 35
        },
        "Strategy.Policy.ExtrinsicReward.mean": {
            "value": -1.5499999523162842,
            "min": -52.96166395147642,
            "max": -1.5499999523162842,
            "count": 35
        },
        "Strategy.Policy.ExtrinsicReward.sum": {
            "value": -674.2499792575836,
            "min": -937.0999627113342,
            "max": -4.998000353574753,
            "count": 35
        },
        "Strategy.IsTraining.mean": {
            "value": 1.0,
            "min": 1.0,
            "max": 1.0,
            "count": 37
        },
        "Strategy.IsTraining.sum": {
            "value": 1.0,
            "min": 1.0,
            "max": 1.0,
            "count": 37
        },
        "Strategy.Losses.PolicyLoss.mean": {
            "value": 0.3347771772493919,
            "min": 0.019675596492985885,
            "max": 0.3347771772493919,
            "count": 35
        },
        "Strategy.Losses.PolicyLoss.sum": {
            "value": 0.3347771772493919,
            "min": 0.019675596492985885,
            "max": 0.3347771772493919,
            "count": 35
        },
        "Strategy.Losses.ValueLoss.mean": {
            "value": 0.016162909695412963,
            "min": 6.607206205444527e-06,
            "max": 0.03547849524766207,
            "count": 35
        },
        "Strategy.Losses.ValueLoss.sum": {
            "value": 0.016162909695412963,
            "min": 6.607206205444527e-06,
            "max": 0.03547849524766207,
            "count": 35
        },
        "Strategy.Policy.LearningRate.mean": {
            "value": 0.0028917699036076715,
            "min": 0.0028917699036076715,
            "max": 0.0029969112001029617,
            "count": 35
        },
        "Strategy.Policy.LearningRate.sum": {
            "value": 0.0028917699036076715,
            "min": 0.0028917699036076715,
            "max": 0.0029969112001029617,
            "count": 35
        },
        "Strategy.Policy.Epsilon.mean": {
            "value": 0.19639233000000003,
            "min": 0.19639233000000003,
            "max": 0.19989704,
            "count": 35
        },
        "Strategy.Policy.Epsilon.sum": {
            "value": 0.19639233000000003,
            "min": 0.19639233000000003,
            "max": 0.19989704,
            "count": 35
        },
        "Strategy.Policy.Beta.mean": {
            "value": 0.004819977267000001,
            "min": 0.004819977267000001,
            "max": 0.004994862296,
            "count": 35
        },
        "Strategy.Policy.Beta.sum": {
            "value": 0.004819977267000001,
            "min": 0.004819977267000001,
            "max": 0.004994862296,
            "count": 35
        }
    },
    "metadata": {
        "timer_format_version": "0.1.0",
        "start_time_seconds": "1668721109",
        "python_version": "3.7.9 (tags/v3.7.9:13c94747c7, Aug 17 2020, 18:58:18) [MSC v.1900 64 bit (AMD64)]",
        "command_line_arguments": "C:\\Projects\\UnityML_TestProject\\venv\\Scripts\\mlagents-learn Assets/config/Strategy_config.yaml --run-id=StrategyRTS --force",
        "mlagents_version": "0.28.0",
        "mlagents_envs_version": "0.28.0",
        "communication_protocol_version": "1.5.0",
        "pytorch_version": "1.13.0+cu117",
        "numpy_version": "1.21.6",
        "end_time_seconds": "1668722454"
    },
    "total": 1345.4645254,
    "count": 1,
    "self": 0.004723100000092018,
    "children": {
        "run_training.setup": {
            "total": 0.07243580000000005,
            "count": 1,
            "self": 0.07243580000000005
        },
        "TrainerController.start_learning": {
            "total": 1345.3873664999999,
            "count": 1,
            "self": 1.2234256000131154,
            "children": {
                "TrainerController._reset_env": {
                    "total": 7.7094005999999995,
                    "count": 1,
                    "self": 7.7094005999999995
                },
                "TrainerController.advance": {
                    "total": 1336.1931189999868,
                    "count": 62927,
                    "self": 1.3328045999924143,
                    "children": {
                        "env_step": {
                            "total": 1165.9952293000038,
                            "count": 62927,
                            "self": 985.0776757000184,
                            "children": {
                                "SubprocessEnvManager._take_step": {
                                    "total": 179.79992669999547,
                                    "count": 62928,
                                    "self": 4.059241299992294,
                                    "children": {
                                        "TorchPolicy.evaluate": {
                                            "total": 175.74068540000317,
                                            "count": 61918,
                                            "self": 88.10430400000075,
                                            "children": {
                                                "TorchPolicy.sample_actions": {
                                                    "total": 87.63638140000242,
                                                    "count": 61918,
                                                    "self": 87.63638140000242
                                                }
                                            }
                                        }
                                    }
                                },
                                "workers": {
                                    "total": 1.1176268999898937,
                                    "count": 62926,
                                    "self": 0.0,
                                    "children": {
                                        "worker_root": {
                                            "total": 1255.1070218000043,
                                            "count": 62926,
                                            "is_parallel": true,