{
    "name": "root",
    "gauges": {
        "Strategy.Policy.Entropy.mean": {
            "value": 1.5561864376068115,
            "min": 1.5561864376068115,
            "max": 1.7915375232696533,
            "count": 20
        },
        "Strategy.Policy.Entropy.sum": {
            "value": 7787.1572265625,
            "min": 7787.1572265625,
            "max": 9432.4453125,
            "count": 20
        },
        "Strategy.Environment.EpisodeLength.mean": {
            "value": 72.2463768115942,
            "min": 72.2463768115942,
            "max": 703.6666666666666,
            "count": 20
        },
        "Strategy.Environment.EpisodeLength.sum": {
            "value": 4985.0,
            "min": 1928.0,
            "max": 6390.0,
            "count": 20
        },
        "Strategy.Step.mean": {
            "value": 99936.0,
            "min": 4945.0,
            "max": 99936.0,
            "count": 20
        },
        "Strategy.Step.sum": {
            "value": 99936.0,
            "min": 4945.0,
            "max": 99936.0,
            "count": 20
        },
        "Strategy.Policy.ExtrinsicValueEstimate.mean": {
            "value": -1.3829975128173828,
            "min": -1.3829975128173828,
            "max": -0.7616423964500427,
            "count": 20
        },
        "Strategy.Policy.ExtrinsicValueEstimate.sum": {
            "value": -156.27871704101562,
            "min": -156.27871704101562,
            "max": -63.212501525878906,
            "count": 20
        },
        "Strategy.Environment.CumulativeReward.mean": {
            "value": -2.6902172457480775,
            "min": -18.147221108277638,
            "max": -2.6902172457480775,
            "count": 20
        },
        "Strategy.Environment.CumulativeReward.sum": {
            "value": -185.62498995661736,
            "min": -186.02498930692673,
            "max": -52.19999718666077,
            "count": 20
        },
        "Strategy.Policy.ExtrinsicReward.mean": {
            "value": -2.6902172457480775,
            "min": -18.147221108277638,
            "max": -2.6902172457480775,
            "count": 20
        },
        "Strategy.Policy.ExtrinsicReward.sum": {
            "value": -185.62498995661736,
            "min": -186.02498930692673,
            "max": -52.19999718666077,
            "count": 20
        },
        "Strategy.IsTraining.mean": {
            "value": 1.0,
            "min": 1.0,
            "max": 1.0,
            "count": 20
        },
        "Strategy.IsTraining.sum": {
            "value": 1.0,
            "min": 1.0,
            "max": 1.0,
            "count": 20
        },
        "Strategy.Losses.PolicyLoss.mean": {
            "value": 0.03031518328934908,
            "min": 0.016691925857837003,
            "max": 0.030564552855988344,
            "count": 9
        },
        "Strategy.Losses.PolicyLoss.sum": {
            "value": 0.03031518328934908,
            "min": 0.016691925857837003,
            "max": 0.030564552855988344,
            "count": 9
        },
        "Strategy.Losses.ValueLoss.mean": {
            "value": 0.03530075028538704,
            "min": 0.02096236067203184,
            "max": 0.21746121222774187,
            "count": 9
        },
        "Strategy.Losses.ValueLoss.sum": {
            "value": 0.03530075028538704,
            "min": 0.02096236067203184,
            "max": 0.21746121222774187,
            "count": 9
        },
        "Strategy.Policy.LearningRate.mean": {
            "value": 0.00297225270092491,
            "min": 0.00297225270092491,
            "max": 0.002996908800103041,
            "count": 9
        },
        "Strategy.Policy.LearningRate.sum": {
            "value": 0.00297225270092491,
            "min": 0.00297225270092491,
            "max": 0.002996908800103041,
            "count": 9
        },
        "Strategy.Policy.Epsilon.mean": {
            "value": 0.19907509,
            "min": 0.19907509,
            "max": 0.19989696000000007,
            "count": 9
        },
        "Strategy.Policy.Epsilon.sum": {
            "value": 0.19907509,
            "min": 0.19907509,
            "max": 0.19989696000000007,
            "count": 9
        },
        "Strategy.Policy.Beta.mean": {
            "value": 0.004953846990999999,
            "min": 0.004953846990999999,
            "max": 0.004994858304000001,
            "count": 9
        },
        "Strategy.Policy.Beta.sum": {
            "value": 0.004953846990999999,
            "min": 0.004953846990999999,
            "max": 0.004994858304000001,
            "count": 9
        }
    },
    "metadata": {
        "timer_format_version": "0.1.0",
        "start_time_seconds": "1669238244",
        "python_version": "3.7.9 (tags/v3.7.9:13c94747c7, Aug 17 2020, 18:58:18) [MSC v.1900 64 bit (AMD64)]",
        "command_line_arguments": "C:\\Projects\\UnityML_TestProject\\venv\\Scripts\\mlagents-learn Assets/config/Strategy_config.yaml --run-id=StrategyRTS --force",
        "mlagents_version": "0.28.0",
        "mlagents_envs_version": "0.28.0",
        "communication_protocol_version": "1.5.0",
        "pytorch_version": "1.13.0+cu117",
        "numpy_version": "1.21.6",
        "end_time_seconds": "1669238586"
    },
    "total": 342.04066709999995,
    "count": 1,
    "self": 0.00512289999994664,
    "children": {
        "run_training.setup": {
            "total": 0.07023620000000008,
            "count": 1,
            "self": 0.07023620000000008
        },
        "TrainerController.start_learning": {
            "total": 341.965308,
            "count": 1,
            "self": 0.24796429999889824,
            "children": {
                "TrainerController._reset_env": {
                    "total": 8.966885999999999,
                    "count": 1,
                    "self": 8.966885999999999
                },
                "TrainerController.advance": {
                    "total": 332.57719800000115,
                    "count": 11842,
                    "self": 0.25898399999783805,
                    "children": {
                        "env_step": {
                            "total": 284.4844748000017,
                            "count": 11842,
                            "self": 241.23955120000193,
                            "children": {
                                "SubprocessEnvManager._take_step": {
                                    "total": 43.03025859999772,
                                    "count": 11842,
                                    "self": 0.695234999994824,
                                    "children": {
                                        "TorchPolicy.evaluate": {
                                            "total": 42.3350236000029,
                                            "count": 11304,
                                            "self": 18.70431290000062,
                                            "children": {
                                                "TorchPolicy.sample_actions": {
                                                    "total": 23.63071070000228,
                                                    "count": 11304,
                                                    "self": 23.63071070000228
                                                }
                                            }
                                        }
                                    }
                                },
                                "workers": {
                                    "total": 0.21466500000202515,
                                    "count": 11841,
                                    "self": 0.0,
                                    "children": {
                                        "worker_root": {
                                            "total": 297.084174700002,
                                            "count": 11841,
                                            "is_parallel": true,